نوع العقار,الغرض,المدينة,الحي,الواجهة,المساحة,سعر المتر,السعر الإجمالي
أرض,غير معروف,الرياض,الرياض,غربية,375,2900.0,1087500
أرض,غير معروف,الرياض,غرناطة,شمالية,800,4800.0,3840000
أرض,سكني,الرياض,غرناطة,غير معروف,1650,4800.0,7920000
أرض,سكني,الرياض,اليرموك,غير معروف,1650,4800.0,7920000
أرض,سكني,الرياض,النسيم الغربي,غربية,750,3200.0,2400000
أرض,تجاري وسكني,الرياض,الرمال,جنوبية,2400,3300.0,7920000
أرض,تجاري وسكني,الرياض,الرمال,شمالية,900,3300.0,2970000
أرض,تجاري وسكني,الرياض,الملك فيصل,شرقية,750,3350.0,2512500
أرض,تجاري وسكني,الرياض,اليرموك,جنوبية,1089,3300.0,3593700
أرض,تجاري وسكني,الرياض,الرياض,غربية,750,2600.0,1950000
أرض,تجاري وسكني,الرياض,اليرموك,شرقية,450,3500.0,1575000
أرض,تجاري وسكني,الرياض,الرمال,شرقية,450,3500.0,1575000
أرض,تجاري وسكني,الرياض,اليرموك,جنوبية,1089,3300.0,3593700
أرض,تجاري وسكني,الرياض,الرياض,جنوبية,1089,3300.0,3593700
أرض,تجاري وسكني,الرياض,المعيزلة,جنوبية,550,2500.0,1375000
أرض,تجاري وسكني,الرياض,اليرموك,جنوبية,1089,3200.0,3484800
أرض,تجاري وسكني,الرياض,اليرموك,جنوبية,1089,3250.0,3539250
أرض,تجاري وسكني,الرياض,المعيزلة,جنوبية,550,3000.0,1650000
أرض,تجاري وسكني,الرياض,اليرموك,جنوبية,1089,3200.0,3484800
أرض,تجاري وسكني,الرياض,الرمال,شمالية شرقية,3092,3200.0,9894400
أرض,تجاري وسكني,الرياض,الرمال,جنوبية,412,3100.0,1277200
أرض,تجاري,الرياض,المونسية,شرقية,750,4200.0,3150000
أرض,تجاري,الرياض,المونسية,شرقية,2115,4200.0,8883000
أرض,تجاري,الرياض,الرمال,شرقية,1560,6410.0,9999600
أرض,تجاري,الرياض,الروضة,شمالية,1798,1500.0,2697000
أرض,تجاري,الرياض,الرمال,غير معروف,3000,1500.0,4500000
أرض,تجاري,الرياض,الرمال,شرقية,360,2900.0,1044000
أرض,سكني,الرياض,اليرموك,شمالية شرقية,594,3500.0,2079000
أرض,سكني,الرياض,الرياض,جنوبية شرقية,928,1950.0,1809600
أرض,سكني,الرياض,الرياض,جنوبية,900,1950.0,1755000
أرض,سكني,الرياض,المشرق,جنوبية,750,1650.0,1237500
أرض,سكني,الرياض,الرياض,جنوبية,750,1650.0,1237500
أرض,سكني,الرياض,الخليج,شمالية شرقية,750,3150.0,2362500
أرض,سكني,الرياض,الخليج,شمالية,572,2600.0,1487200
أرض,سكني,الرياض,اليرموك,جنوبية,1089,3400.0,3702600
أرض,سكني,الرياض,الرياض,غربية,2000,3400.0,6800000
أرض,سكني,الرياض,الشهداء,جنوبية,320,5300.0,1696000
أرض,سكني,الرياض,الحمراء,جنوبية,1000,6000.0,6000000
أرض,سكني,الرياض,الحمراء,جنوبية,1000,6000.0,6000000
أرض,سكني,الرياض,الرياض,شرقية,750,6000.0,4500000
أرض,سكني,الرياض,البيان,شمالية,375,6000.0,2250000
أرض,سكني,الرياض,قرطبة,غربية,450,5500.0,2475000
أرض,سكني,الرياض,القادسية,شمالية غربية,1019,5500.0,5604500
أرض,سكني,الرياض,الرياض,غربية,450,5500.0,2475000
أرض,سكني,الرياض,الرمال,جنوبية,412,3500.0,1442000
أرض,سكني,الرياض,النهضة,غربية,432,2500.0,1080000
أرض,سكني,الرياض,الرمال,غير معروف,2940,2000.0,5880000
أرض,سكني,الرياض,الشهداء,جنوبية,320,5300.0,1696000
أرض,سكني,الرياض,الرمال,غربية,3663,1400.0,5128200
أرض,سكني,الرياض,غرناطة,شمالية,800,4800.0,3840000
أرض,سكني,الرياض,غرناطة,شمالية,800,4800.0,3840000
أرض,سكني,الرياض,اليرموك,غربية,300,3800.0,1140000
أرض,سكني,الرياض,النهضة,غربية,300,3800.0,1140000
أرض,سكني,الرياض,النهضة,غربية,300,3800.0,1140000
أرض,سكني,الرياض,النسيم الغربي,غير معروف,750,3100.0,2325000
أرض,سكني,الرياض,اليرموك,غير معروف,750,3100.0,2325000
أرض,سكني,الرياض,اليرموك,غير معروف,750,3100.0,2325000
أرض,سكني,الرياض,الصناعية القديمة,جنوبية شرقية,1849,3100.0,5731900
أرض,سكني,الرياض,الرمال,جنوبية,412,3200.0,1318400
أرض,سكني,الرياض,الجنادرية,غير معروف,3562,3100.0,11042200
أرض,سكني,الرياض,المعيزيلة,جنوبية,412,2750.0,1133000
أرض,سكني,الرياض,المعيزيلة,شمالية غربية,2000,865.0,1730000
أرض,تجاري وسكني,الرياض,السعادة,شمالية,2100,2500.0,5250000
أرض,تجاري,الرياض,الجنادرية,غربية,8400,2300.0,19320000
أرض,تجاري,الرياض,القادسية,شرقية,900,3333.0,2999700
أرض,تجاري,الرياض,النسيم الشرقي,غربية,750,2600.0,1950000
أرض,تجاري,الرياض,الشرق,جنوبية غربية,475,2400.0,1140000
أرض,تجاري,الرياض,الرياض,غربية,750,2600.0,1950000
أرض,سكني,الرياض,المونسية,شمالية,2825,4400.0,12430000
أرض,سكني,الرياض,المونسية,شرقية,2520,4400.0,11088000
أرض,سكني,الرياض,المونسية,شمالية غربية,3905,4400.0,17182000
أرض,سكني,الرياض,الرمال,شمالية شرقية,420,4200.0,1764000
أرض,سكني,الرياض,الرمال,جنوبية,500,4200.0,2100000
أرض,تجاري وسكني,الرياض,خشم العان,شمالية,1050,2500.0,2625000
أرض,تجاري وسكني,الرياض,القادسية,غير معروف,10000,2400.0,24000000
أرض,تجاري وسكني,الرياض,الصفا,غربية,400,3600.0,1440000
أرض,تجاري وسكني,الرياض,غرناطة,شمالية,575,5800.0,3335000
أرض,تجاري,الرياض,الرمال,جنوبية,412,3200.0,1318400
أرض,تجاري,الرياض,الرمال,جنوبية,412,3200.0,1318400
أرض,تجاري,الرياض,الرمال,شمالية,5000,1950.0,9750000
أرض,تجاري,الرياض,القادسية,شرقية,543,2300.0,1248900
أرض,تجاري,الرياض,القادسية,شرقية,543,2300.0,1248900
أرض,تجاري,الرياض,الرمال,جنوبية,412,3200.0,1318400
أرض,تجاري,الرياض,الرمال,جنوبية,412,3200.0,1318400
أرض,تجاري,الرياض,الرمال,جنوبية,412,3200.0,1318400
أرض,تجاري,الرياض,الرمال,جنوبية,416,3200.0,1331200
أرض,تجاري,الرياض,غرناطة,جنوبية,416,3200.0,1331200
أرض,تجاري,الرياض,الرياض,شمالية,600,2700.0,1620000
أرض,تجاري,الرياض,اشبيلية,غير معروف,5670,4900.0,27783000
أرض,تجاري,الرياض,النهضة,شرقية,420,3000.0,1260000
أرض,تجاري,الرياض,الحمراء,شرقية,1125,4800.0,5400000
أرض,تجاري,الرياض,الحمراء,جنوبية,1500,4200.0,6300000
أرض,تجاري,الرياض,طريق سعيد ابن زيد,جنوبية غربية,2250,8000.0,18000000
أرض,تجاري,الرياض,الرمال,جنوبية,412,3200.0,1318400
أرض,تجاري,الرياض,الرمال,جنوبية,412,3150.0,1297800
أرض,تجاري,الرياض,العلا,جنوبية,750,3150.0,2362500
أرض,تجاري,الرياض,الرياض,شرقية,371,3150.0,1168650
أرض,تجاري,الرياض,النهضة,شمالية,450,2650.0,1192500
أرض,تجاري,الرياض,النهضة,شمالية,450,2650.0,1192500
أرض,تجاري وسكني,الرياض,الرياض,غير معروف,5302,3000.0,15906000
أرض,تجاري وسكني,الرياض,الرياض,شمالية شرقية,357,3000.0,1071000
أرض,تجاري وسكني,الرياض,الشهداء,غير معروف,3900,6500.0,25350000
أرض,تجاري وسكني,الرياض,القدس,غربية,450,5300.0,2385000
أرض,تجاري وسكني,الرياض,القدس,شرقية,750,5300.0,3975000
أرض,تجاري وسكني,الرياض,القدس,جنوبية,750,7333.0,5499750
أرض,تجاري وسكني,الرياض,الرمال,جنوبية,900,2900.0,2610000
أرض,سكني,الرياض,الاندلس,شرقية,1000,4000.0,4000000
أرض,سكني,الرياض,اشبيلية,شمالية غربية,2007,4000.0,8028000
أرض,سكني,الرياض,الروضة,غربية,751,3700.0,2778700
أرض,سكني,الرياض,الروضة,غربية,751,3700.0,2778700
أرض,سكني,الرياض,الروضة,غربية,750,4000.0,3000000
أرض,تجاري وسكني,الرياض,النسيم الغربي,جنوبية,630,1800.0,1134000
أرض,تجاري وسكني,الرياض,الرياض,غربية,379,3150.0,1193850
أرض,تجاري وسكني,الرياض,النهضة,شرقية,420,3000.0,1260000
أرض,تجاري وسكني,الرياض,الشرق,شمالية,454,2500.0,1135000
أرض,تجاري وسكني,الرياض,الشرق,غربية,744,1800.0,1339200
أرض,تجاري,الرياض,السعادة,غير معروف,4577,3500.0,16019500
أرض,تجاري,الرياض,الندوة,شمالية,375,3500.0,1312500
أرض,تجاري,الرياض,قرطبة,شرقية,800,5500.0,4400000
أرض,تجاري,الرياض,الروضة,شمالية شرقية,608,4000.0,2432000
أرض,تجاري,الرياض,الروضة,شرقية,543,4100.0,2226300
أرض,تجاري,الرياض,المعيزلة,شمالية,437,2900.0,1267300
أرض,تجاري,الرياض,الملك فيصل,شرقية,750,3350.0,2512500
أرض,تجاري,الرياض,الملك فيصل,شرقية,750,3350.0,2512500
أرض,تجاري,الرياض,اليرموك,شمالية,300,3600.0,1080000
أرض,تجاري,الرياض,الرمال,جنوبية غربية,1930,2800.0,5404000
أرض,تجاري,الرياض,الرمال,جنوبية,625,4000.0,2500000
أرض,تجاري,الرياض,الرمال,غربية,600,3000.0,1800000
أرض,تجاري,الرياض,الرياض,غير معروف,1225,2500.0,3062500
أرض,تجاري,الرياض,الندوة,جنوبية,1280,3000.0,3840000
أرض,تجاري,الرياض,الندوة,جنوبية,1280,3000.0,3840000
أرض,تجاري,الرياض,الرمال,غير معروف,1200,3400.0,4080000
أرض,تجاري,الرياض,الجنادرية,شمالية شرقية,500,3400.0,1700000
أرض,تجاري,الرياض,العلا,شمالية,1650,8000.0,13200000
أرض,تجاري,الرياض,اليرموك,جنوبية,1089,8000.0,8712000
أرض,تجاري وسكني,الرياض,النسيم الشرقي,شمالية,840,2500.0,2100000
أرض,سكني,الرياض,الرياض,جنوبية,540,2500.0,1350000
أرض,سكني,الرياض,المنار,جنوبية,540,2500.0,1350000
أرض,سكني,الرياض,الملك فيصل,جنوبية,1089,3350.0,3648150
أرض,سكني,الرياض,المونسية,جنوبية,300,4400.0,1320000
أرض,سكني,الرياض,القادسية,جنوبية شرقية,510,4019.0,2049690
أرض,سكني,الرياض,الرياض,جنوبية,300,4400.0,1320000
أرض,سكني,الرياض,المونسية,شمالية,500,4200.0,2100000
أرض,سكني,الرياض,الرياض,شمالية,437,2350.0,1026950
أرض,سكني,الرياض,القدس,شمالية,437,2350.0,1026950
أرض,سكني,الرياض,الخليج,شمالية غربية,600,2600.0,1560000
أرض,سكني,الرياض,الرياض,جنوبية,900,2600.0,2340000
أرض,سكني,الرياض,المونسية,شمالية,621,2600.0,1614600
أرض,سكني,الرياض,الرمال,شمالية شرقية,580,2600.0,1508000
أرض,سكني,الرياض,السلام,غربية,360,3339.0,1202040
أرض,سكني,الرياض,اليرموك,شمالية,4350,6000.0,26100000
أرض,سكني,الرياض,الندوة,شرقية,1200,3000.0,3600000
أرض,سكني,الرياض,الرياض,شمالية,930,3000.0,2790000
أرض,تجاري وسكني,الرياض,البيان,شمالية,1500,1000.0,1500000
أرض,تجاري وسكني,الرياض,الرياض,شمالية,312,3300.0,1029600
أرض,تجاري وسكني,الرياض,القادسية,شمالية,312,3300.0,1029600
أرض,تجاري وسكني,الرياض,القادسية,شرقية,900,3300.0,2970000
أرض,تجاري وسكني,الرياض,الرياض,جنوبية,372,3300.0,1227600
أرض,تجاري وسكني,الرياض,الجزيرة,غير معروف,1800,2700.0,4860000
أرض,تجاري وسكني,الرياض,القادسية,جنوبية,3000,3080.0,9240000
أرض,تجاري وسكني,الرياض,اليرموك,جنوبية,1089,3200.0,3484800
أرض,تجاري وسكني,الرياض,اليرموك,جنوبية,1089,3400.0,3702600
أرض,تجاري وسكني,الرياض,المونسية,شمالية,875,4000.0,3500000
أرض,تجاري وسكني,الرياض,المونسية,شمالية,875,4000.0,3500000
أرض,تجاري وسكني,الرياض,العلا,شمالية,1627,4000.0,6508000
أرض,تجاري وسكني,الرياض,الرياض,شمالية,1627,4000.0,6508000
أرض,تجاري وسكني,الرياض,النهضة,جنوبية,1089,2850.0,3103650
أرض,تجاري وسكني,الرياض,النظيم,غربية,590,4000.0,2360000
أرض,تجاري وسكني,الرياض,الصفا,غربية,400,4000.0,1600000
أرض,تجاري وسكني,الرياض,النسيم الغربي,جنوبية,875,1800.0,1575000
أرض,تجاري وسكني,الرياض,النسيم الغربي,غربية,600,1850.0,1110000
أرض,تجاري وسكني,الرياض,النسيم الغربي,جنوبية,875,1900.0,1662500
أرض,تجاري وسكني,الرياض,الرمال,جنوبية,372,3100.0,1153200
أرض,تجاري وسكني,الرياض,العلا,غير معروف,17927,1500.0,26890500
أرض,تجاري وسكني,الرياض,العلا,جنوبية,350,4000.0,1400000
أرض,تجاري وسكني,الرياض,الازدهار,غربية,771,4000.0,3084000
أرض,سكني,الرياض,النسيم الغربي,شمالية غربية,625,2400.0,1500000
أرض,سكني,الرياض,الرياض,شمالية,759,2400.0,1821600
أرض,سكني,الرياض,الرياض,جنوبية,750,2400.0,1800000
أرض,سكني,الرياض,الملز,غير معروف,1148,2400.0,2755200
أرض,سكني,الرياض,القادسية,شرقية,543,2300.0,1248900
أرض,تجاري وسكني,الرياض,الملك فيصل,شمالية شرقية,900,4500.0,4050000
أرض,تجاري وسكني,الرياض,الملك فيصل,شمالية شرقية,900,4500.0,4050000
أرض,تجاري وسكني,الرياض,الروضة,شمالية شرقية,900,4500.0,4050000
أرض,تجاري وسكني,الرياض,اليرموك,جنوبية,1089,3400.0,3702600
أرض,تجاري وسكني,الرياض,المشرق,شرقية,1021,1000.0,1021000
أرض,تجاري وسكني,الرياض,الرياض,غربية,390,3300.0,1287000
أرض,تجاري وسكني,الرياض,خشم العان,شرقية,416,3300.0,1372800
أرض,تجاري وسكني,الرياض,خشم العان,شرقية,900,3300.0,2970000
أرض,تجاري وسكني,الرياض,الرمال,غير معروف,2246,4000.0,8984000
أرض,تجاري وسكني,الرياض,السلام,شمالية,350,3700.0,1295000
أرض,تجاري وسكني,الرياض,الرياض,شرقية,918,1400.0,1285200
أرض,تجاري وسكني,الرياض,الروضة,جنوبية,900,5778.0,5200200
أرض,تجاري وسكني,الرياض,قرطبة,شرقية,1250,6500.0,8125000
أرض,تجاري وسكني,الرياض,النسيم الغربي,شرقية,1250,6500.0,8125000
أرض,تجاري وسكني,الرياض,النسيم الغربي,جنوبية,747,6500.0,4855500
أرض,تجاري وسكني,الرياض,الروضة,شمالية غربية,750,4200.0,3150000
أرض,تجاري وسكني,الرياض,الخليج,شمالية,2800,444.0,1243200
أرض,تجاري وسكني,الرياض,الخليج,شمالية,2800,444.0,1243200
أرض,تجاري وسكني,الرياض,الجنادرية,شرقية,999,2202.0,2199798
أرض,تجاري وسكني,الرياض,النسيم الشرقي,شرقية,440,2954.0,1299760
أرض,تجاري وسكني,الرياض,اليرموك,جنوبية,1089,2954.0,3216906
أرض,تجاري وسكني,الرياض,الرياض,جنوبية,1089,2954.0,3216906
أرض,تجاري وسكني,الرياض,الرياض,جنوبية,1089,2954.0,3216906
أرض,تجاري وسكني,الرياض,النظيم,شمالية,833,1441.0,1200353
أرض,تجاري وسكني,الرياض,النظيم,جنوبية,2000,525.0,1050000
أرض,تجاري وسكني,الرياض,النظيم,شمالية,459,2500.0,1147500
أرض,تجاري وسكني,الرياض,اليرموك,جنوبية شرقية,1170,5000.0,5850000
أرض,تجاري وسكني,الرياض,الرياض,شرقية,2000,535.0,1070000
أرض,غير معروف,الرياض,القادسية,شرقية,543,2650.0,1438950
أرض,غير معروف,الرياض,العارض,جنوبية,432,2650.0,1144800
أرض,غير معروف,الرياض,العارض,جنوبية,747,2650.0,1979550
أرض,غير معروف,الرياض,الرياض,شمالية,864,1500.0,1296000
أرض,غير معروف,الرياض,النرجس,جنوبية,432,4900.0,2116800
أرض,غير معروف,الرياض,الرياض,غربية,824,4900.0,4037600
أرض,غير معروف,الدرعية,العيينة,جنوبية,937,4900.0,4591300
أرض,غير معروف,الرياض,الرياض,جنوبية,750,4900.0,3675000
أرض,غير معروف,الرياض,الجزيرة,شمالية,240,4900.0,1176000
أرض,غير معروف,حريملاء,الرياض,شرقية,435,4900.0,2131500
أرض,غير معروف,الرياض,الشهداء,شرقية,312,5000.0,1560000
أرض,غير معروف,الرياض,الملقا,غربية,900,5000.0,4500000
أرض,غير معروف,الرياض,النرجس,جنوبية,450,5000.0,2250000
أرض,غير معروف,الرياض,الغنامية,غير معروف,3660,1000.0,3660000
أرض,غير معروف,الرياض,النرجس,غير معروف,3660,1000.0,3660000
أرض,غير معروف,الرياض,عرقة,غربية,653,4800.0,3134400
أرض,غير معروف,الرياض,المهدية,غير معروف,450,3150.0,1417500
أرض,غير معروف,الرياض,عرقة,غربية,653,4800.0,3134400
أرض,غير معروف,الرياض,الدار البيضاء,شرقية,1119,1600.0,1790400
أرض,غير معروف,حريملاء,الرياض,شمالية غربية,7500,2000.0,15000000
أرض,غير معروف,الرياض,المعيزيلة,شمالية,4000,2200.0,8800000
أرض,غير معروف,الرياض,المهدية,شمالية,810,2550.0,2065500
أرض,غير معروف,الرياض,المونسية,جنوبية شرقية,252,5000.0,1260000
أرض,غير معروف,الرياض,الرياض,غربية,23059,250.0,5764750
أرض,غير معروف,الرياض,النهضة,جنوبية,412,2800.0,1153600
أرض,غير معروف,الرياض,الندى,جنوبية,412,2800.0,1153600
أرض,غير معروف,الرياض,النرجس,شمالية,3493,6200.0,21656600
أرض,غير معروف,الرياض,النرجس,شرقية,500,5500.0,2750000
أرض,سكني,الرياض,النرجس,شرقية,500,5500.0,2750000
أرض,سكني,الدرعية,العيينة,شمالية غربية,1000,5500.0,5500000
أرض,سكني,الرياض,النرجس,شمالية غربية,875,5500.0,4812500
أرض,سكني,الرياض,الرمال,غير معروف,1080,3000.0,3240000
أرض,سكني,الدرعية,العيينة,غير معروف,674,3000.0,2022000
أرض,سكني,حريملاء,الرياض,شرقية,750,3000.0,2250000
أرض,سكني,الرياض,الرياض,شمالية,470,3000.0,1410000
أرض,سكني,الرياض,المهدية,شمالية,450,3000.0,1350000
أرض,سكني,الرياض,الرياض,غربية,375,3000.0,1125000
أرض,سكني,الرياض,غرناطة,شمالية,800,4800.0,3840000
أرض,سكني,الرياض,غرناطة,غير معروف,1650,4800.0,7920000
أرض,سكني,الرياض,عرقة,جنوبية,726,5000.0,3630000
أرض,سكني,الرياض,اليرموك,شمالية شرقية,594,3500.0,2079000
أرض,سكني,الرياض,النرجس,غربية,400,4900.0,1960000
أرض,سكني,الرياض,ظهرة لبن,شمالية شرقية,1055,2500.0,2637500
أرض,سكني,العيينة,العين,شمالية شرقية,674,1630.0,1098620
أرض,سكني,الرياض,حطين,غربية,856,1630.0,1395280
أرض,سكني,حريملاء,الرياض,جنوبية,600,1833.0,1099800
أرض,سكني,الرياض,ظهرة لبن,غير معروف,750,1833.0,1374750
أرض,سكني,الرياض,النسيم الغربي,غربية,750,3200.0,2400000
أرض,سكني,الرياض,الهدا,غربية,2317,3200.0,7414400
أرض,سكني,الرياض,الملقا,غربية,2184,3200.0,6988800
أرض,سكني,حريملاء,الرياض,جنوبية غربية,750,3200.0,2400000
أرض,سكني,الرياض,الرياض,شمالية,460,3000.0,1380000
أرض,سكني,الرياض,الرياض,شمالية,400,3000.0,1200000
أرض,سكني,الرياض,الرياض,شمالية,400,3000.0,1200000
أرض,سكني,الرياض,المنصورة,جنوبية,1000,8500.0,8500000
أرض,سكني,الرياض,طويق,شمالية,5000,2600.0,13000000
أرض,سكني,الرياض,طويق,جنوبية,11930,2200.0,26246000
أرض,تجاري وسكني,الرياض,الرمال,جنوبية,2400,3300.0,7920000
أرض,تجاري وسكني,الرياض,العارض,غير معروف,2500,3300.0,8250000
أرض,تجاري وسكني,الرياض,الرياض,شمالية,871,3300.0,2874300
أرض,تجاري وسكني,الرياض,المناخ,شمالية,900,1300.0,1170000
أرض,تجاري وسكني,الرياض,العارض,شمالية,600,3600.0,2160000
أرض,تجاري وسكني,الرياض,ظهرة لبن,شمالية شرقية,1055,2500.0,2637500
أرض,تجاري وسكني,الرياض,القيروان,شمالية,900,6000.0,5400000
أرض,تجاري وسكني,الرياض,المهدية,شمالية,900,6000.0,5400000
أرض,تجاري وسكني,الرياض,القيروان,شمالية,900,6000.0,5400000
أرض,تجاري وسكني,الرياض,الملك فيصل,شرقية,750,3350.0,2512500
أرض,تجاري وسكني,الرياض,ضاحية نمار,شمالية,450,3350.0,1507500
أرض,تجاري وسكني,حريملاء,الرياض,غربية,750,1739.0,1304250
أرض,تجاري وسكني,الرياض,اليرموك,جنوبية,1089,3300.0,3593700
أرض,تجاري وسكني,الرياض,الصحافة,شرقية,862,6500.0,5603000
أرض,تجاري وسكني,الرياض,الصحافة,شرقية,862,6500.0,5603000
أرض,تجاري وسكني,حريملاء,الرياض,شرقية,750,6500.0,4875000
أرض,تجاري وسكني,حريملاء,الرياض,غربية,750,6500.0,4875000
أرض,تجاري وسكني,حريملاء,الرياض,شرقية,750,6500.0,4875000
أرض,تجاري وسكني,الرياض,الرياض,غربية,750,2600.0,1950000
أرض,تجاري وسكني,الرياض,المهدية,شرقية,450,2600.0,1170000
أرض,تجاري وسكني,الرياض,طويق,شرقية,870,2600.0,2262000
أرض,تجاري وسكني,حريملاء,الرياض,شرقية,750,2600.0,1950000
أرض,تجاري وسكني,حريملاء,الرياض,غربية,750,2600.0,1950000
أرض,تجاري وسكني,الرياض,الخير,غربية,750,2600.0,1950000
أرض,تجاري وسكني,حريملاء,الرياض,غربية,750,2600.0,1950000
أرض,تجاري وسكني,الرياض,الخير,غربية,750,2600.0,1950000
أرض,تجاري وسكني,الرياض,النرجس,شرقية,900,6000.0,5400000
أرض,تجاري وسكني,الرياض,النرجس,شمالية شرقية,900,6500.0,5850000
أرض,تجاري وسكني,الرياض,العوالي,شرقية,500,6500.0,3250000
أرض,تجاري وسكني,حريملاء,الرياض,غربية,750,6500.0,4875000
أرض,تجاري وسكني,حريملاء,الرياض,شرقية,750,6500.0,4875000
أرض,تجاري وسكني,حريملاء,الرياض,شرقية,750,6500.0,4875000
أرض,تجاري وسكني,حريملاء,الرياض,شرقية,750,6500.0,4875000
أرض,تجاري وسكني,الرياض,اليرموك,شرقية,450,3500.0,1575000
أرض,تجاري,الرياض,الرمال,غير معروف,2900,3800.0,11020000
أرض,تجاري,الرياض,الصحافة,شمالية غربية,2007,3800.0,7626600
أرض,تجاري,حريملاء,الرياض,غربية,750,3800.0,2850000
أرض,تجاري,الرياض,الخير,شرقية,750,3800.0,2850000
أرض,تجاري,الرياض,الرياض,شمالية شرقية,480,3800.0,1824000
أرض,تجاري,الرياض,الرياض,شرقية,1160,3800.0,4408000
أرض,تجاري,حريملاء,الرياض,جنوبية شرقية,750,3800.0,2850000
أرض,تجاري,الرياض,الغنامية,جنوبية غربية,414,3800.0,1573200
أرض,تجاري,الرياض,اليرموك,جنوبية,1089,3300.0,3593700
أرض,تجاري,الرياض,اليرموك,جنوبية,1089,3300.0,3593700
أرض,تجاري,حريملاء,الرياض,غربية,472,3300.0,1557600
أرض,تجاري,الرياض,المعيزلة,جنوبية,550,3000.0,1650000
أرض,تجاري,الرياض,اليرموك,جنوبية,1089,3200.0,3484800
أرض,تجاري,الرياض,اليرموك,جنوبية,1089,3250.0,3539250
أرض,تجاري,الرياض,الرمال,شمالية شرقية,3092,650.0,2009800
أرض,تجاري,الرياض,المهدية,غربية,409,2570.0,1051130
أرض,تجاري,الرياض,اليرموك,جنوبية,1089,3200.0,3484800
أرض,تجاري,الرياض,النرجس,غربية,435,3200.0,1392000
أرض,تجاري,حريملاء,الرياض,شمالية,375,3200.0,1200000
أرض,تجاري,الرياض,الرياض,شمالية,361,3200.0,1155200
أرض,تجاري وسكني,الرياض,طريق النفود,غير معروف,495,2500.0,1237500
أرض,تجاري وسكني,الرياض,طريق النفود,جنوبية,472,2500.0,1180000
أرض,تجاري وسكني,الرياض,الرمال,جنوبية,412,3100.0,1277200
أرض,تجاري وسكني,الرياض,عريض,غربية,450,3100.0,1395000
أرض,تجاري وسكني,الرياض,عريض,شمالية,517,3100.0,1602700
أرض,سكني,حريملاء,الرياض,جنوبية,800,1375.0,1100000
أرض,سكني,الرياض,عريض,شمالية شرقية,2048,1709.0,3500032
أرض,سكني,الرياض,الدار البيضاء,جنوبية,4675,1709.0,7989575
أرض,سكني,الرياض,النرجس,شرقية,450,4900.0,2205000
أرض,تجاري,الرياض,المونسية,شرقية,750,4200.0,3150000
أرض,تجاري,الرياض,النرجس,شمالية,450,4700.0,2115000
أرض,سكني,الرياض,النرجس,شمالية,450,4300.0,1935000
أرض,سكني,الرياض,الرمال,شرقية,1560,6150.0,9594000
أرض,سكني,الرياض,النرجس,جنوبية,432,4900.0,2116800
أرض,سكني,الرياض,ظهرة لبن,شمالية شرقية,900,3100.0,2790000
أرض,سكني,الرياض,المهدية,شمالية,300,3400.0,1020000
أرض,سكني,الرياض,المونسية,شرقية,2115,3400.0,7191000
أرض,سكني,الرياض,عرقة,غربية,653,3400.0,2220200
أرض,سكني,الرياض,الروضة,شمالية,1798,1500.0,2697000
أرض,سكني,الرياض,النرجس,شمالية شرقية,1050,7500.0,7875000
أرض,سكني,الرياض,الرياض,شرقية,432,7500.0,3240000
أرض,سكني,الرياض,الرياض,شرقية,432,7500.0,3240000
أرض,سكني,الرياض,الرياض,شمالية,426,7500.0,3195000
أرض,سكني,الرياض,المهدية,غربية,400,7500.0,3000000
أرض,سكني,الرياض,الرمال,شرقية,360,2900.0,1044000
أرض,سكني,الرياض,ظهرة لبن,جنوبية,450,2900.0,1305000
أرض,سكني,الرياض,عريض,جنوبية غربية,500,2900.0,1450000
أرض,سكني,الرياض,الرياض,شرقية,450,2900.0,1305000
أرض,سكني,الرياض,الرياض,جنوبية غربية,1050,2900.0,3045000
أرض,سكني,الرياض,القيروان,شمالية,900,6000.0,5400000
أرض,سكني,الرياض,الرياض,جنوبية,450,6000.0,2700000
أرض,سكني,الرياض,الرياض,غربية,516,6000.0,3096000
أرض,سكني,الرياض,الرياض,غربية,516,6000.0,3096000
أرض,سكني,الرياض,الرياض,جنوبية غربية,900,6000.0,5400000
أرض,سكني,الرياض,الرمال,غير معروف,3000,6000.0,18000000
أرض,سكني,الرياض,عريض,غربية,324,6000.0,1944000
أرض,سكني,الرياض,الرياض,شمالية,450,6000.0,2700000
أرض,سكني,الرياض,اليرموك,شمالية شرقية,594,3500.0,2079000
أرض,سكني,الرياض,المهدية,شمالية,400,3500.0,1400000
أرض,سكني,الرياض,ظهرة لبن,جنوبية,360,3472.0,1249920
أرض,سكني,الرياض,ظهرة لبن,شمالية,360,3200.0,1152000
أرض,سكني,الرياض,ظهرة لبن,شمالية,2394,3200.0,7660800
أرض,سكني,الرياض,النرجس,شرقية,500,5300.0,2650000
أرض,سكني,الرياض,حطين,شمالية,2000,10000.0,20000000
أرض,سكني,الرياض,ضاحية نمار,شرقية,375,10000.0,3750000
أرض,سكني,الرياض,الخير,شرقية,840,1547.0,1299480
أرض,سكني,الرياض,الخير,شمالية غربية,864,1600.0,1382400
أرض,سكني,الرياض,النرجس,شمالية,500,5000.0,2500000
أرض,سكني,الرياض,الرياض,جنوبية,900,5000.0,4500000
أرض,سكني,حريملاء,الرياض,جنوبية,900,5000.0,4500000
أرض,سكني,الرياض,عريض,جنوبية,900,5000.0,4500000
أرض,سكني,الرياض,عكاظ,شرقية,600,5000.0,3000000
أرض,سكني,الرياض,النرجس,جنوبية,480,4800.0,2304000
أرض,سكني,الرياض,بنبان,شرقية,800,2125.0,1700000
أرض,سكني,الرياض,المشرق,جنوبية,750,2125.0,1593750
أرض,سكني,الرياض,الرياض,جنوبية,750,2125.0,1593750
أرض,سكني,الرياض,الخليج,شمالية شرقية,750,3150.0,2362500
أرض,سكني,الرياض,العوالي,جنوبية,352,3150.0,1108800
أرض,سكني,الرياض,الرياض,غير معروف,4262,3150.0,13425300
أرض,سكني,الرياض,الملقا,غربية,928,10000.0,9280000
أرض,سكني,الرياض,حطين,غير معروف,2816,10000.0,28160000
أرض,سكني,الرياض,المهدية,غربية,625,10000.0,6250000
أرض,سكني,الرياض,عرقة,غربية,453,4800.0,2174400
أرض,سكني,الرياض,عرقة,شمالية غربية,432,4800.0,2073600
أرض,سكني,الرياض,ظهرة لبن,شمالية,930,2600.0,2418000
أرض,سكني,الرياض,ظهرة لبن,شمالية,930,2600.0,2418000
أرض,سكني,الرياض,ظهرة لبن,شمالية,572,2600.0,1487200
أرض,سكني,الرياض,الرياض,غربية,5850,2600.0,15210000
أرض,سكني,الرياض,اليرموك,جنوبية,1089,3400.0,3702600
أرض,سكني,الرياض,السويدي,جنوبية شرقية,625,3400.0,2125000
أرض,سكني,الرياض,الرياض,شرقية,400,3400.0,1360000
أرض,سكني,الرياض,الرياض,غربية,400,3400.0,1360000
أرض,سكني,الرياض,الرياض,شرقية,400,3400.0,1360000
أرض,سكني,الرياض,الرياض,غربية,2000,3400.0,6800000
أرض,سكني,الرياض,الشهداء,جنوبية,320,5300.0,1696000
أرض,سكني,الرياض,المهدية,شمالية شرقية,400,2570.0,1028000
أرض,سكني,الرياض,الرياض,شرقية,400,2570.0,1028000
أرض,سكني,الرياض,الرياض,شمالية شرقية,420,2570.0,1079400
أرض,سكني,الرياض,الرياض,غربية,400,2570.0,1028000
أرض,سكني,الرياض,الرياض,غربية,400,2570.0,1028000
أرض,سكني,الرياض,النرجس,جنوبية غربية,1400,8000.0,11200000
أرض,سكني,الرياض,الحمراء,جنوبية,1000,6000.0,6000000
أرض,سكني,الرياض,الرياض,شرقية,750,6000.0,4500000
أرض,سكني,الرياض,الرياض,شرقية,750,6000.0,4500000
أرض,سكني,الرياض,الحزم,جنوبية,675,6000.0,4050000
أرض,سكني,الرياض,عكاظ,غربية,2520,6000.0,15120000
أرض,سكني,الرياض,الرياض,غربية,425,6000.0,2550000
أرض,سكني,الرياض,الرياض,غربية,425,6000.0,2550000
أرض,سكني,الرياض,قرطبة,غربية,450,5500.0,2475000
أرض,سكني,الرياض,القادسية,شمالية غربية,1019,5500.0,5604500
أرض,سكني,الرياض,البديعة,غير معروف,4260,3521.0,14999460
أرض,سكني,الرياض,البديعة,جنوبية شرقية,735,1632.0,1199520
أرض,سكني,الرياض,الرياض,غربية,450,5500.0,2475000
أرض,سكني,الرياض,الملك فهد,شمالية شرقية,1419,4200.0,5959800
أرض,سكني,الرياض,الرمال,جنوبية,412,3500.0,1442000
أرض,سكني,الرياض,الرياض,جنوبية شرقية,471,3500.0,1648500
أرض,سكني,الرياض,المحمدية,جنوبية,360,7500.0,2700000
أرض,سكني,الرياض,المحمدية,جنوبية,360,7500.0,2700000
أرض,سكني,الرياض,النهضة,غربية,432,2500.0,1080000
أرض,سكني,الرياض,الرمال,غير معروف,2940,2000.0,5880000
أرض,سكني,الرياض,الشهداء,جنوبية,320,5300.0,1696000
أرض,سكني,الرياض,الرمال,غربية,3663,1400.0,5128200
أرض,سكني,الرياض,المهدية,شمالية,675,3000.0,2025000
أرض,سكني,حريملاء,الرياض,شرقية,379,3000.0,1137000
أرض,سكني,الرياض,ضاحية نمار,شمالية,437,3000.0,1311000
أرض,سكني,الرياض,غرناطة,غير معروف,1650,4800.0,7920000
أرض,سكني,الرياض,غرناطة,شمالية,800,4800.0,3840000
أرض,سكني,الرياض,العارض,غربية,432,4650.0,2008800
أرض,سكني,الرياض,الربيع,غربية,750,7000.0,5250000
أرض,سكني,الرياض,النهضة,شمالية,450,7000.0,3150000
أرض,سكني,حريملاء,الرياض,شمالية,375,7000.0,2625000
أرض,سكني,الرياض,اليرموك,غربية,300,3800.0,1140000
أرض,سكني,الدرعية,العيينة,جنوبية,937,3800.0,3560600
أرض,سكني,حريملاء,الرياض,شمالية,750,1900.0,1425000
أرض,سكني,الرياض,النسيم الغربي,غير معروف,750,3100.0,2325000
أرض,سكني,الرياض,النرجس,شرقية,520,5200.0,2704000
أرض,سكني,الرياض,المهدية,شرقية,900,2439.0,2195100
أرض,سكني,الرياض,اليرموك,جنوبية,1089,3300.0,3593700
أرض,سكني,الرياض,حطين,جنوبية شرقية,1950,10000.0,19500000
أرض,سكني,الرياض,النخيل,غير معروف,1987,10000.0,19870000
أرض,سكني,الرياض,المهدية,جنوبية,560,2680.0,1500800
أرض,سكني,الرياض,المهدية,جنوبية,459,2680.0,1230120
أرض,سكني,الرياض,المهدية,جنوبية,459,2680.0,1230120
أرض,سكني,حريملاء,الرياض,جنوبية,459,2680.0,1230120
أرض,سكني,حريملاء,الرياض,شرقية,420,2680.0,1125600
أرض,سكني,الرياض,اليرموك,شمالية غربية,385,4700.0,1809500
أرض,سكني,حريملاء,الرياض,جنوبية,375,4700.0,1762500
أرض,سكني,الرياض,النفل,شمالية,375,5600.0,2100000
أرض,سكني,الرياض,النفل,غربية,428,5600.0,2396800
أرض,سكني,الرياض,النفل,شمالية,375,5600.0,2100000
أرض,سكني,الرياض,العارض,شمالية,500,4400.0,2200000
أرض,سكني,الرياض,الصناعية القديمة,جنوبية شرقية,1849,850.0,1571650
أرض,سكني,الرياض,النرجس,شمالية شرقية,944,6000.0,5664000
أرض,سكني,الرياض,المهدية,شمالية,460,6000.0,2760000
أرض,سكني,الرياض,البيان,جنوبية,375,6000.0,2250000
أرض,سكني,الرياض,عريض,جنوبية,375,6000.0,2250000
أرض,سكني,الرياض,القيروان,شمالية,900,5700.0,5130000
أرض,سكني,الرياض,الرياض,جنوبية,1800,1800.0,3240000
أرض,سكني,حريملاء,الرياض,جنوبية,1800,1800.0,3240000
أرض,سكني,حريملاء,الرياض,شرقية,450,7888.0,3549600
أرض,سكني,الرياض,الخير,شمالية,1714,7888.0,13520032
أرض,سكني,الرياض,عرقة,غربية,653,4800.0,3134400
أرض,سكني,الرياض,القيروان,شمالية,900,6000.0,5400000
أرض,غير معروف,الرياض,الرياض,شمالية,1672,15000.0,25080000
أرض,غير معروف,الرياض,النرجس,جنوبية غربية,1000,5000.0,5000000
أرض,غير معروف,الرياض,المهدية,غير معروف,450,3111.0,1399950
أرض,غير معروف,الرياض,النرجس,غربية,399,5650.0,2254350
أرض,سكني,حريملاء,الرياض,شمالية,750,1533.0,1149750
أرض,سكني,الرياض,الرمال,جنوبية,412,3200.0,1318400
أرض,سكني,الرياض,الرياض,جنوبية,412,6400.0,2636800
أرض,سكني,الرياض,النرجس,جنوبية غربية,1000,6400.0,6400000
أرض,سكني,الرياض,الجنادرية,غير معروف,3562,3100.0,11042200
أرض,سكني,الرياض,الدار البيضاء,شمالية,750,1600.0,1200000
أرض,سكني,حريملاء,الرياض,شمالية,750,1600.0,1200000
أرض,سكني,الرياض,العزيزية,شمالية غربية,26966,1000.0,26966000
أرض,سكني,الرياض,الدار البيضاء,شمالية,750,1600.0,1200000
أرض,سكني,الرياض,القيروان,شمالية,900,6000.0,5400000
أرض,سكني,الرياض,ضاحية نمار,شمالية,900,6000.0,5400000
أرض,سكني,الرياض,ضاحية نمار,شمالية,900,6000.0,5400000
أرض,سكني,الرياض,المهدية,شرقية,700,2500.0,1750000
أرض,سكني,الرياض,الرياض,شمالية غربية,2000,865.0,1730000
أرض,تجاري وسكني,الرياض,السعادة,شمالية,2100,2500.0,5250000
أرض,تجاري,الرياض,عكاظ,شمالية,900,4000.0,3600000
أرض,تجاري,الرياض,عكاظ,جنوبية شرقية,1600,968.0,1548800
أرض,تجاري,الرياض,الجنادرية,غربية,8400,2300.0,19320000
أرض,تجاري,الرياض,المربع,شمالية,437,2300.0,1005100
أرض,تجاري,الرياض,المربع,غير معروف,495,2300.0,1138500
أرض,تجاري,الرياض,القادسية,شرقية,900,3333.0,2999700
أرض,تجاري,الرياض,النسيم الشرقي,غربية,750,2600.0,1950000
أرض,تجاري,الرياض,الشرق,جنوبية غربية,475,2400.0,1140000
أرض,تجاري,الرياض,الرياض,غربية,750,2600.0,1950000
أرض,تجاري,الرياض,ظهرة لبن,جنوبية,432,7000.0,3024000
أرض,تجاري,الرياض,النرجس,جنوبية,345,7000.0,2415000
أرض,تجاري,الرياض,النسيم الغربي,جنوبية,345,7000.0,2415000
أرض,تجاري,الرياض,الشرق,جنوبية,437,7000.0,3059000
أرض,تجاري,الرياض,ضاحية نمار,جنوبية,300,7000.0,2100000
أرض,تجاري,الرياض,طويق,غير معروف,5595,2700.0,15106500
أرض,سكني,الرياض,المونسية,شمالية,2825,4400.0,12430000
أرض,سكني,الرياض,الرياض,جنوبية,405,4400.0,1782000
أرض,سكني,الرياض,الرياض,شرقية,2520,1000.0,2520000
أرض,سكني,الرياض,النرجس,جنوبية,345,6200.0,2139000
أرض,سكني,الرياض,ظهرة لبن,شمالية,450,4500.0,2025000
أرض,سكني,الرياض,الرمال,شمالية شرقية,420,4200.0,1764000
أرض,سكني,الرياض,الرمال,جنوبية,500,4200.0,2100000
أرض,سكني,الرياض,العارض,جنوبية,495,4200.0,2079000
أرض,سكني,الرياض,القادسية,غير معروف,10000,2400.0,24000000
أرض,سكني,الرياض,خشم العان,غير معروف,10000,2400.0,24000000
أرض,سكني,الرياض,عرقة,غربية,1400,2400.0,3360000
أرض,سكني,الرياض,الصفا,غربية,400,3600.0,1440000
أرض,سكني,الرياض,الرياض,غربية,588,3600.0,2116800
أرض,سكني,الرياض,الغنامية,غير معروف,4250,3600.0,15300000
أرض,سكني,الدرعية,العيينة,شمالية,438,2950.0,1292100
أرض,سكني,الرياض,المهدية,غربية,350,2950.0,1032500
أرض,سكني,حريملاء,الرياض,جنوبية,4772,550.0,2624600
أرض,سكني,الرياض,المهدية,جنوبية,4772,550.0,2624600
أرض,سكني,الرياض,الملك فيصل,جنوبية,900,1730.0,1557000
أرض,سكني,الرياض,الملك فيصل,شمالية,390,4200.0,1638000
أرض,سكني,الرياض,الرياض,شمالية غربية,432,4200.0,1814400
أرض,سكني,الرياض,المهدية,شمالية غربية,432,4200.0,1814400
أرض,تجاري,الرياض,الرمال,جنوبية,412,3200.0,1318400
أرض,تجاري,الرياض,غرناطة,شمالية,575,5800.0,3335000
أرض,تجاري,الرياض,الرمال,جنوبية,412,3200.0,1318400
أرض,تجاري,الرياض,الرمال,شمالية,5000,1950.0,9750000
أرض,تجاري,الرياض,القادسية,شرقية,543,2300.0,1248900
أرض,تجاري,الرياض,السلي,شرقية,15000,1533.0,22995000
أرض,تجاري,الرياض,القادسية,شرقية,543,2300.0,1248900
أرض,تجاري,الرياض,الرياض,شمالية,420,2857.0,1199940
أرض,تجاري,الرياض,النرجس,شمالية غربية,900,2857.0,2571300
أرض,تجاري,الرياض,المهدية,شمالية,420,2857.0,1199940
أرض,تجاري,الرياض,الرمال,جنوبية,412,3200.0,1318400
أرض,تجاري,الرياض,الخير,شمالية,455,3200.0,1456000
أرض,تجاري,الرياض,المغرزات,شمالية,514,7000.0,3598000
أرض,تجاري,حريملاء,الرياض,شمالية,514,7000.0,3598000
أرض,تجاري,حريملاء,الرياض,شمالية,375,7000.0,2625000
أرض,تجاري,الرياض,المهدية,شمالية,500,3600.0,1800000
أرض,تجاري,الرياض,الرمال,جنوبية,412,3200.0,1318400
أرض,تجاري,الرياض,القيروان,غربية,600,6400.0,3840000
أرض,تجاري,الرياض,النرجس,شمالية غربية,962,6400.0,6156800
أرض,سكني,الرياض,عرقة,شمالية,600,1800.0,1080000
أرض,سكني,الرياض,عرقة,جنوبية,412,3200.0,1318400
أرض,سكني,الرياض,النرجس,جنوبية,458,3200.0,1465600
أرض,سكني,الرياض,المغرزات,جنوبية شرقية,1050,7500.0,7875000
أرض,سكني,حريملاء,الرياض,شرقية,810,1360.0,1101600
أرض,سكني,الرياض,القيروان,غربية,600,6350.0,3810000
أرض,سكني,الرياض,الرمال,جنوبية,416,3200.0,1331200
أرض,سكني,الرياض,عريض,شمالية,3493,1000.0,3493000
أرض,سكني,حريملاء,الرياض,غير معروف,9569,1000.0,9569000
أرض,سكني,الرياض,غرناطة,غير معروف,4187,1000.0,4187000
أرض,سكني,الرياض,ظهرة لبن,شمالية,900,3800.0,3420000
أرض,سكني,الرياض,ظهرة لبن,جنوبية,731,3800.0,2777800
أرض,سكني,الرياض,ظهرة لبن,شرقية,2500,6800.0,17000000
أرض,سكني,الرياض,السلي,شمالية,750,1800.0,1350000
أرض,سكني,الرياض,اشبيلية,غير معروف,5670,4900.0,27783000
أرض,سكني,الرياض,النهضة,شرقية,420,3000.0,1260000
أرض,سكني,الرياض,النرجس,شمالية غربية,900,4800.0,4320000
أرض,سكني,الرياض,النرجس,شمالية,720,4800.0,3456000
أرض,سكني,الرياض,المروج,شمالية شرقية,900,5500.0,4950000
أرض,سكني,الرياض,النرجس,جنوبية,896,5500.0,4928000
أرض,سكني,الرياض,الحمراء,شرقية,1125,4800.0,5400000
أرض,سكني,الرياض,الحمراء,شرقية,1125,4800.0,5400000
أرض,سكني,الرياض,القيروان,شمالية,900,6000.0,5400000
أرض,سكني,الرياض,القيروان,شمالية,900,6000.0,5400000
أرض,سكني,الرياض,الرمال,جنوبية,412,3200.0,1318400
أرض,سكني,الرياض,الرمال,جنوبية,412,3150.0,1297800
أرض,سكني,الرياض,العارض,جنوبية,638,3150.0,2009700
أرض,سكني,الرياض,العارض,جنوبية,638,3150.0,2009700
أرض,سكني,الرياض,النرجس,شمالية,810,1466.0,1187460
أرض,سكني,الرياض,العلا,جنوبية,750,1466.0,1099500
أرض,سكني,الرياض,ظهرة لبن,جنوبية,450,3000.0,1350000
أرض,سكني,الرياض,عريض,شمالية,400,3000.0,1200000
أرض,سكني,الرياض,النرجس,شمالية,900,1200.0,1080000
أرض,سكني,الرياض,العارض,شرقية,400,4500.0,1800000
أرض,سكني,الرياض,الرياض,شرقية,371,4500.0,1669500
أرض,سكني,الرياض,طريق النفود,شمالية,382,4500.0,1719000
أرض,سكني,الرياض,النهضة,شمالية,450,2650.0,1192500
أرض,سكني,الرياض,المهدية,جنوبية,600,2650.0,1590000
أرض,سكني,الرياض,بنبان,شمالية شرقية,4800,5000.0,24000000
أرض,سكني,حريملاء,الرياض,شمالية شرقية,4800,5000.0,24000000
أرض,سكني,حريملاء,الرياض,جنوبية,630,5000.0,3150000
أرض,سكني,الرياض,الرياض,غربية,403,5000.0,2015000
أرض,سكني,الرياض,الرياض,شمالية شرقية,357,5000.0,1785000
أرض,سكني,الرياض,النهضة,شمالية,450,2650.0,1192500
أرض,سكني,الرياض,ظهرة لبن,شمالية,450,2555.0,1149750
أرض,تجاري وسكني,الرياض,الرياض,غير معروف,5302,3000.0,15906000
أرض,تجاري وسكني,الرياض,الرياض,شمالية,900,3000.0,2700000
أرض,تجاري وسكني,الرياض,الشهداء,غير معروف,3900,6500.0,25350000
أرض,سكني,الرياض,بدر,شمالية,2000,1304.0,2608000
أرض,سكني,الرياض,المغرزات,شمالية,2000,1304.0,2608000
أرض,سكني,الرياض,المغرزات,جنوبية غربية,969,1304.0,1263576
أرض,سكني,الدرعية,العيينة,شمالية,4956,2100.0,10407600
أرض,سكني,الرياض,المشرق,شمالية شرقية,2000,2100.0,4200000
أرض,سكني,الرياض,النرجس,شرقية,520,5200.0,2704000
أرض,سكني,الرياض,القادسية,جنوبية,597,5200.0,3104400
أرض,سكني,الرياض,النرجس,غربية,399,5850.0,2334150
أرض,سكني,الرياض,القدس,غربية,450,5300.0,2385000
أرض,سكني,الدرعية,العيينة,شمالية,4956,2200.0,10903200
أرض,سكني,الدرعية,العيينة,جنوبية,750,7333.0,5499750
أرض,سكني,الرياض,الرمال,جنوبية,900,2900.0,2610000
أرض,سكني,الرياض,ظهرة لبن,جنوبية,450,2800.0,1260000
أرض,سكني,الرياض,الرياض,جنوبية,450,2800.0,1260000
أرض,سكني,الرياض,طريق النفود,جنوبية,900,2800.0,2520000
أرض,سكني,الرياض,طريق النفود,جنوبية,450,2800.0,1260000
أرض,سكني,الرياض,القادسية,شمالية,450,2800.0,1260000
أرض,سكني,الرياض,القادسية,جنوبية,736,2800.0,2060800
أرض,سكني,الرياض,القادسية,شمالية,750,2800.0,2100000
أرض,سكني,الرياض,الاندلس,شرقية,1000,4000.0,4000000
أرض,سكني,الرياض,ضاحية نمار,جنوبية,2311,800.0,1848800
أرض,سكني,الرياض,ضاحية نمار,جنوبية,2311,800.0,1848800
أرض,سكني,الرياض,عكاظ,شمالية,1440,1388.0,1998720
أرض,سكني,الرياض,النرجس,شرقية,3540,1388.0,4913520
أرض,سكني,الرياض,النرجس,شمالية غربية,900,4000.0,3600000
أرض,سكني,الرياض,اشبيلية,شمالية غربية,2007,4000.0,8028000
أرض,سكني,الرياض,ظهرة نمار,جنوبية,706,2266.0,1599796
أرض,سكني,الرياض,الروضة,غربية,751,3700.0,2778700
أرض,سكني,الرياض,الروضة,غربية,751,3700.0,2778700
أرض,سكني,الرياض,الروضة,شمالية,750,3700.0,2775000
أرض,سكني,الرياض,الرياض,غربية,432,3700.0,1598400
أرض,سكني,الرياض,العوالي,غربية,367,3700.0,1357900
أرض,تجاري وسكني,الرياض,النسيم الغربي,جنوبية,630,1800.0,1134000
أرض,تجاري وسكني,الرياض,النسيم الغربي,جنوبية,750,1800.0,1350000
أرض,تجاري وسكني,الرياض,الروضة,غربية,750,4000.0,3000000
أرض,تجاري وسكني,الرياض,الروضة,شمالية غربية,750,4000.0,3000000
أرض,تجاري وسكني,الرياض,ضاحية نمار,غربية,750,4000.0,3000000
أرض,تجاري وسكني,الرياض,ضاحية نمار,جنوبية,750,4000.0,3000000
أرض,تجاري وسكني,الرياض,ظهرة لبن,جنوبية,450,3100.0,1395000
أرض,تجاري وسكني,الرياض,النرجس,شمالية غربية,900,4000.0,3600000
أرض,تجاري وسكني,الرياض,النرجس,جنوبية,450,3700.0,1665000
أرض,تجاري وسكني,حريملاء,الرياض,غربية,1151,3700.0,4258700
أرض,تجاري وسكني,الرياض,المشاعل,شرقية,2529,3700.0,9357300
أرض,تجاري وسكني,الرياض,ظهرة نمار,شمالية,861,3700.0,3185700
أرض,تجاري وسكني,الرياض,ظهرة لبن,جنوبية غربية,400,4500.0,1800000
أرض,تجاري وسكني,الرياض,ظهرة نمار,جنوبية,862,4500.0,3879000
أرض,تجاري وسكني,الرياض,ظهرة لبن,شرقية,918,2250.0,2065500
أرض,تجاري وسكني,الرياض,ظهرة نمار,شمالية,861,2250.0,1937250
أرض,تجاري وسكني,الرياض,طويق,جنوبية,840,2261.0,1899240
أرض,تجاري وسكني,الرياض,العوالي,جنوبية,850,2261.0,1921850
أرض,تجاري وسكني,الرياض,ظهرة نمار,جنوبية,877,2261.0,1982897
أرض,تجاري وسكني,الرياض,طويق,شمالية,900,1133.0,1019700
أرض,تجاري وسكني,الرياض,العوالي,شمالية,900,1133.0,1019700
أرض,تجاري وسكني,الرياض,الرياض,غربية,379,3150.0,1193850
أرض,تجاري وسكني,الرياض,طويق,شمالية,900,3150.0,2835000
أرض,تجاري وسكني,الرياض,العوالي,شمالية,900,3150.0,2835000
أرض,تجاري وسكني,الرياض,المهدية,شمالية,450,3150.0,1417500
أرض,تجاري وسكني,الرياض,المهدية,جنوبية غربية,400,3000.0,1200000
أرض,سكني,الرياض,المهدية,شمالية,445,3000.0,1335000
أرض,سكني,الرياض,النهضة,شرقية,420,3000.0,1260000
أرض,سكني,الرياض,المهدية,جنوبية شرقية,450,3000.0,1350000
أرض,سكني,الرياض,الشرق,شمالية,454,2500.0,1135000
أرض,سكني,الرياض,ظهرة لبن,جنوبية,1200,2500.0,3000000
أرض,سكني,الرياض,الرياض,شمالية,910,9891.0,9000810
أرض,سكني,الرياض,المهدية,جنوبية,450,9891.0,4450950
أرض,سكني,الرياض,شارع ابن ماجه,غير معروف,10500,2700.0,28350000
أرض,سكني,الرياض,المغرزات,جنوبية شرقية,1050,8000.0,8400000
أرض,سكني,الرياض,المهدية,جنوبية شرقية,1050,8000.0,8400000
أرض,سكني,الرياض,المهدية,شمالية,536,2600.0,1393600
أرض,سكني,الرياض,القيروان,شمالية,536,2600.0,1393600
أرض,سكني,الرياض,القيروان,غربية,600,6300.0,3780000
أرض,سكني,الرياض,المهدية,شمالية غربية,585,6300.0,3685500
أرض,سكني,الرياض,المهدية,غربية,744,1800.0,1339200
أرض,سكني,الرياض,السعادة,غربية,744,1800.0,1339200
أرض,سكني,الرياض,المهدية,شمالية,418,2700.0,1128600
أرض,سكني,الرياض,ضاحية نمار,شمالية,750,2700.0,2025000
أرض,سكني,الرياض,النرجس,غربية,399,5800.0,2314200
أرض,سكني,الرياض,المهدية,جنوبية,1250,2800.0,3500000
أرض,سكني,الرياض,المهدية,جنوبية,1250,2800.0,3500000
أرض,سكني,الرياض,العليا,جنوبية,1250,2800.0,3500000
أرض,سكني,حريملاء,الرياض,جنوبية,2254,900.0,2028600
أرض,سكني,الرياض,المهدية,شمالية غربية,787,3200.0,2518400
أرض,سكني,الرياض,العارض,غير معروف,1490,777.0,1157730
أرض,سكني,الرياض,غير معروف,جنوبية,450,4555.0,2049750
أرض,تجاري وسكني,الرياض,الرياض,غربية,900,2300.0,2070000
أرض,تجاري وسكني,الرياض,العوالي,شمالية,1060,2000.0,2120000
أرض,سكني,الرياض,بدر,غربية,900,1300.0,1170000
أرض,سكني,الرياض,ضاحية نمار,شمالية غربية,2001,1111.0,2223111
أرض,غير معروف,الرياض,ضاحية نمار,شمالية,1993,1004.0,2000972
أرض,غير معروف,الرياض,الهدا,غربية,856,6200.0,5307200
أرض,غير معروف,الرياض,الهدا,شمالية شرقية,2033,6200.0,12604600
أرض,غير معروف,الرياض,النرجس,شمالية شرقية,2033,6200.0,12604600
أرض,غير معروف,الرياض,ضاحية نمار,غربية,2025,6200.0,12555000
أرض,غير معروف,الرياض,النرجس,شرقية,520,5300.0,2756000
أرض,سكني,الرياض,النرجس,شرقية,525,4800.0,2520000
أرض,سكني,الرياض,النرجس,شرقية,525,4700.0,2467500
أرض,سكني,الرياض,النرجس,شمالية,2061,4700.0,9686700
أرض,سكني,الرياض,الروضة,شمالية شرقية,608,4000.0,2432000
أرض,سكني,الرياض,الروضة,شرقية,543,4100.0,2226300
أرض,سكني,الرياض,المهدية,شمالية,600,2416.0,1449600
أرض,سكني,الرياض,الملك فيصل,شرقية,750,3350.0,2512500
أرض,سكني,الرياض,اليرموك,شمالية,300,3600.0,1080000
أرض,سكني,الرياض,المصانع,غير معروف,3157,3600.0,11365200
أرض,سكني,الرياض,المعيزلة,شمالية,437,2900.0,1267300
أرض,سكني,الرياض,الملك فيصل,شرقية,750,3350.0,2512500
أرض,سكني,الرياض,الملقا,شمالية,546,9000.0,4914000
أرض,سكني,الرياض,الرمال,جنوبية غربية,1930,2800.0,5404000
أرض,سكني,حريملاء,الرياض,جنوبية,625,3700.0,2312500
أرض,سكني,حريملاء,الرياض,شمالية غربية,414,9000.0,3726000
أرض,سكني,حريملاء,الرياض,جنوبية,630,9000.0,5670000
أرض,سكني,الرياض,النرجس,غربية,400,5000.0,2000000
أرض,سكني,الرياض,الرمال,غربية,600,3000.0,1800000
أرض,سكني,الرياض,الرياض,غير معروف,1225,2500.0,3062500
أرض,سكني,الرياض,الرياض,شرقية,2160,2500.0,5400000
أرض,سكني,الرياض,الياسمين,شمالية,910,19780.0,17999800
أرض,سكني,الرياض,ثليم,جنوبية غربية,333,19780.0,6586740
أرض,سكني,الرياض,غير معروف,شرقية,360,19780.0,7120800
أرض,سكني,الرياض,العليا,شمالية شرقية,1741,6000.0,10446000
أرض,سكني,الرياض,الرمال,غير معروف,1200,3400.0,4080000
أرض,سكني,الرياض,امارة منطقة الرياض,شمالية شرقية,2237,600.0,1342200
أرض,سكني,الرياض,امارة منطقة الرياض,شمالية غربية,2250,600.0,1350000
أرض,سكني,الرياض,امارة منطقة الرياض,شمالية غربية,2237,600.0,1342200
أرض,سكني,الرياض,امارة منطقة الرياض,شمالية,2250,600.0,1350000
أرض,سكني,الرياض,امارة منطقة الرياض,شمالية,1650,8000.0,13200000
أرض,سكني,الرياض,امارة منطقة الرياض,غربية,2250,888.0,1998000
أرض,تجاري وسكني,الرياض,النسيم الشرقي,شمالية,840,2500.0,2100000
أرض,تجاري وسكني,الرياض,ضاحية نمار,شمالية,1060,2000.0,2120000
أرض,سكني,الرياض,الرياض,جنوبية,540,2500.0,1350000
أرض,سكني,الرياض,النرجس,شمالية,900,4000.0,3600000
أرض,سكني,الرياض,الملك فيصل,جنوبية,1089,3350.0,3648150
أرض,سكني,الرياض,النرجس,شمالية,455,4800.0,2184000
أرض,سكني,الرياض,النرجس,شمالية غربية,900,4800.0,4320000
أرض,سكني,الرياض,النرجس,شمالية غربية,900,4800.0,4320000
أرض,سكني,الرياض,المهدية,شمالية,300,3500.0,1050000
أرض,سكني,الرياض,المونسية,جنوبية,300,4400.0,1320000
أرض,سكني,الرياض,ظهرة لبن,جنوبية,450,2700.0,1215000
أرض,سكني,حريملاء,الرياض,جنوبية,742,1400.0,1038800
أرض,سكني,الرياض,الرياض,جنوبية,300,4400.0,1320000
أرض,سكني,حريملاء,الرياض,جنوبية,300,4400.0,1320000
أرض,سكني,الرياض,القادسية,جنوبية شرقية,510,4019.0,2049690
أرض,سكني,الرياض,الرياض,شمالية شرقية,900,4019.0,3617100
أرض,سكني,الرياض,المونسية,شمالية,500,4200.0,2100000
أرض,سكني,الرياض,ظهرة لبن,جنوبية,400,2625.0,1050000
أرض,تجاري وسكني,الرياض,ثليم,جنوبية غربية,340,4400.0,1496000
أرض,تجاري وسكني,الرياض,ثليم,جنوبية غربية,432,4400.0,1900800
أرض,تجاري وسكني,الرياض,ظهرة لبن,جنوبية,450,4400.0,1980000
أرض,تجاري وسكني,الرياض,ظهرة لبن,جنوبية شرقية,2327,859.0,1998893
أرض,تجاري وسكني,الرياض,الياسمين,جنوبية,1500,6700.0,10050000
أرض,تجاري وسكني,الرياض,النرجس,شمالية,455,4800.0,2184000
أرض,تجاري وسكني,الرياض,عريض,شمالية,785,1350.0,1059750
أرض,تجاري وسكني,حريملاء,الرياض,جنوبية,2340,1350.0,3159000
أرض,تجاري وسكني,الرياض,الرياض,شمالية,437,2350.0,1026950
أرض,تجاري وسكني,الرياض,الرياض,شمالية غربية,582,2350.0,1367700
أرض,تجاري وسكني,الرياض,الرياض,غربية,900,2350.0,2115000
أرض,تجاري وسكني,الرياض,الياسمين,جنوبية,1500,6667.0,10000500
أرض,سكني,الرياض,القدس,جنوبية,500,4100.0,2050000
أرض,سكني,الرياض,عرقة,شمالية,536,6000.0,3216000
أرض,سكني,الرياض,القيروان,غربية,450,6000.0,2700000
أرض,سكني,الرياض,المهدية,شمالية,536,2600.0,1393600
أرض,سكني,الرياض,الرياض,شمالية,450,2600.0,1170000
أرض,سكني,الرياض,الرياض,شمالية,2394,1000.0,2394000
أرض,سكني,الرياض,بدر,غير معروف,7861,993.0,7805973
أرض,سكني,الرياض,الخليج,شمالية غربية,600,2600.0,1560000
أرض,سكني,الرياض,حطين,جنوبية غربية,1200,10000.0,12000000
أرض,سكني,الرياض,بدر,جنوبية غربية,1200,10000.0,12000000
أرض,سكني,الرياض,النرجس,غربية,1800,10000.0,18000000
أرض,سكني,الرياض,الرياض,جنوبية,900,10000.0,9000000
أرض,سكني,حريملاء,الرياض,جنوبية,420,10000.0,4200000
أرض,سكني,حريملاء,الرياض,جنوبية,375,10000.0,3750000
أرض,سكني,حريملاء,الرياض,شمالية,375,10000.0,3750000
أرض,سكني,حريملاء,الرياض,غربية,2100,10000.0,21000000
أرض,سكني,الرياض,المونسية,شمالية,621,10000.0,6210000
أرض,سكني,الرياض,المهدية,شمالية,450,3000.0,1350000
أرض,سكني,الرياض,ظهرة لبن,غربية,900,2000.0,1800000
أرض,سكني,الرياض,الرمال,شمالية شرقية,580,2000.0,1160000
أرض,سكني,الرياض,الرياض,جنوبية,750,2000.0,1500000
أرض,سكني,الجبيلة,عقرباء,شمالية غربية,500,2460.0,1230000
أرض,سكني,الرياض,السلام,غربية,360,3339.0,1202040
أرض,سكني,الرياض,النرجس,جنوبية,333,3339.0,1111887
أرض,سكني,الرياض,النرجس,جنوبية,333,3339.0,1111887
أرض,سكني,الرياض,اليرموك,شمالية,4350,6000.0,26100000
أرض,سكني,حريملاء,الرياض,شمالية,630,6000.0,3780000
أرض,سكني,الرياض,الندوة,شرقية,1200,3000.0,3600000
أرض,سكني,العيينة,الوادي,شرقية,625,3000.0,1875000
أرض,سكني,الرياض,الرياض,شمالية,930,3000.0,2790000
أرض,سكني,الرياض,النرجس,جنوبية غربية,900,4000.0,3600000
أرض,سكني,الرياض,شارع السلطان محمد الفاتح,شمالية,692,6400.0,4428800
أرض,سكني,الرياض,ظهرة لبن,جنوبية غربية,1400,6400.0,8960000
أرض,سكني,حريملاء,الرياض,شمالية,375,6400.0,2400000
أرض,سكني,الرياض,الرياض,شمالية,900,1500.0,1350000
أرض,سكني,حريملاء,الرياض,شرقية,810,1350.0,1093500
أرض,تجاري وسكني,الرياض,البيان,شمالية,1500,1000.0,1500000
أرض,تجاري وسكني,الرياض,طيبة,غير معروف,6889,1000.0,6889000
أرض,تجاري وسكني,الرياض,طيبة,جنوبية,1843,1000.0,1843000
أرض,تجاري وسكني,الرياض,طيبة,غير معروف,1843,1000.0,1843000
أرض,تجاري وسكني,الرياض,الملك عبدالله,غير معروف,8217,3000.0,24651000
أرض,تجاري وسكني,الرياض,الرياض,غير معروف,8217,3000.0,24651000
أرض,تجاري وسكني,الرياض,ظهرة لبن,غير معروف,750,3000.0,2250000
أرض,تجاري وسكني,الرياض,ظهرة لبن,شمالية شرقية,900,3000.0,2700000
أرض,تجاري وسكني,الرياض,المروة,شرقية,2625,4500.0,11812500
أرض,تجاري وسكني,الرياض,المروة,شرقية,900,4500.0,4050000
أرض,تجاري وسكني,الرياض,الرياض,جنوبية,372,4500.0,1674000
أرض,تجاري وسكني,الرياض,الرياض,شرقية,747,6500.0,4855500
أرض,تجاري,الرياض,السلي,شمالية,2800,4000.0,11200000
أرض,سكني,الرياض,النرجس,جنوبية,900,1320.0,1188000
أرض,سكني,الرياض,طويق,جنوبية شرقية,900,1600.0,1440000
أرض,سكني,الرياض,النرجس,شمالية غربية,425,4250.0,1806250
أرض,سكني,الرياض,الجزيرة,غير معروف,1800,4250.0,7650000
أرض,سكني,الرياض,العارض,شمالية غربية,425,3100.0,1317500
أرض,سكني,الرياض,المناخ,شمالية,630,1600.0,1008000
أرض,سكني,الرياض,القادسية,جنوبية,3000,3080.0,9240000
أرض,سكني,الرياض,القادسية,جنوبية,890,1179.0,1049310
أرض,سكني,الرياض,ظهرة لبن,جنوبية غربية,1400,3100.0,4340000
أرض,سكني,الرياض,الرفيعة,شمالية شرقية,483,5800.0,2801400
أرض,سكني,حريملاء,الرياض,شمالية,910,5800.0,5278000
أرض,سكني,الرياض,الرياض,جنوبية,1752,1997.0,3498744
أرض,سكني,الرياض,النرجس,شرقية,594,5000.0,2970000
أرض,سكني,الرياض,اليرموك,جنوبية,1089,3400.0,3702600
أرض,سكني,الرياض,اليرموك,جنوبية,1089,3200.0,3484800
أرض,سكني,الرياض,النرجس,جنوبية,1089,3200.0,3484800
أرض,سكني,حريملاء,الرياض,جنوبية غربية,408,3200.0,1305600
أرض,سكني,الرياض,المونسية,شمالية,875,4000.0,3500000
أرض,سكني,حريملاء,الرياض,شرقية,375,4000.0,1500000
أرض,سكني,الرياض,الرفيعة,شمالية شرقية,483,5800.0,2801400
أرض,سكني,الرياض,الرياض,شمالية,1627,1455.0,2367285
أرض,سكني,الرياض,حطين,شمالية غربية,4000,1455.0,5820000
أرض,سكني,الرياض,حطين,شمالية,1627,1455.0,2367285
أرض,سكني,الرياض,العلا,شمالية,1627,1455.0,2367285
أرض,سكني,الرياض,النهضة,جنوبية,1089,2850.0,3103650
أرض,سكني,الرياض,النرجس,شمالية,300,5500.0,1650000
أرض,سكني,الرياض,الرياض,غير معروف,2600,2400.0,6240000
أرض,سكني,الرياض,الناصرية,غير معروف,2600,2400.0,6240000
أرض,سكني,الرياض,الرياض,شرقية,900,4000.0,3600000
أرض,سكني,الرياض,ظهرة لبن,جنوبية غربية,400,4000.0,1600000
أرض,سكني,الرياض,ظهرة لبن,شمالية,692,4000.0,2768000
أرض,سكني,الرياض,ظهرة لبن,جنوبية,450,3100.0,1395000
أرض,سكني,الرياض,النظيم,غربية,590,3100.0,1829000
أرض,سكني,الرياض,النسيم الغربي,جنوبية,875,1800.0,1575000
أرض,سكني,الرياض,أم الحمام الغربي,غربية,600,2667.0,1600200
أرض,سكني,الرياض,ظهرة لبن,شمالية,450,2667.0,1200150
أرض,سكني,الرياض,ظهرة لبن,غربية,600,2667.0,1600200
أرض,سكني,الرياض,ظهرة لبن,غربية,600,2667.0,1600200
أرض,سكني,الرياض,الرمال,جنوبية,372,3100.0,1153200
أرض,سكني,الرياض,ظهرة لبن,شمالية,2400,3100.0,7440000
أرض,سكني,الرياض,النسيم الغربي,جنوبية,875,1900.0,1662500
أرض,سكني,الرياض,ظهرة لبن,جنوبية,450,3100.0,1395000
أرض,تجاري وسكني,الرياض,طويق,جنوبية,3600,3500.0,12600000
أرض,تجاري وسكني,الرياض,طويق,جنوبية,3600,3500.0,12600000
أرض,تجاري وسكني,الرياض,القيروان,شمالية,692,6400.0,4428800
أرض,تجاري وسكني,الرياض,البرية,جنوبية,330,6400.0,2112000
أرض,تجاري وسكني,الرياض,عرقة,غربية,1400,5857.0,8199800
أرض,تجاري وسكني,الرياض,العارض,غير معروف,7420,4000.0,29680000
أرض,تجاري وسكني,الرياض,ضاحية نمار,شمالية,450,4000.0,1800000
أرض,تجاري وسكني,الجبيلة,عقرباء,شمالية,450,4000.0,1800000
أرض,تجاري وسكني,الجبيلة,عقرباء,جنوبية شرقية,625,4000.0,2500000
أرض,تجاري وسكني,الرياض,العلا,غير معروف,17927,1500.0,26890500
أرض,تجاري وسكني,الرياض,المصيف,شمالية,1270,4500.0,5715000
أرض,تجاري وسكني,الرياض,المصيف,جنوبية,350,4000.0,1400000
أرض,سكني,الرياض,النسيم الغربي,شمالية غربية,625,2400.0,1500000
أرض,سكني,الرياض,العارض,شمالية غربية,1064,5500.0,5852000
أرض,سكني,حريملاء,الرياض,غربية,325,5800.0,1885000
أرض,سكني,الرياض,النسيم الغربي,شمالية غربية,625,2400.0,1500000
أرض,سكني,الرياض,الرياض,جنوبية,450,3000.0,1350000
أرض,سكني,الرياض,الرياض,جنوبية,450,3000.0,1350000
أرض,سكني,الرياض,الرياض,جنوبية,450,2889.0,1300050
أرض,سكني,الرياض,عريض,جنوبية,486,2889.0,1404054
أرض,سكني,الدرعية,سدوس,شرقية,625,2889.0,1805625
أرض,سكني,الرياض,الرياض,شمالية,759,1750.0,1328250
أرض,سكني,الرياض,العارض,جنوبية غربية,775,1305.0,1011375
أرض,سكني,الرياض,الدار البيضاء,شرقية,910,1270.0,1155700
أرض,سكني,الرياض,الدار البيضاء,شمالية,1050,1450.0,1522500
أرض,سكني,الرياض,الرياض,جنوبية,750,1450.0,1087500
أرض,سكني,الرياض,الملز,غير معروف,1148,920.0,1056160
أرض,سكني,الدرعية,العيينة,شرقية,390,2600.0,1014000
أرض,سكني,الرياض,المهدية,جنوبية,400,2750.0,1100000
أرض,سكني,الرياض,النرجس,جنوبية شرقية,475,4700.0,2232500
أرض,سكني,الرياض,المهدية,شمالية,460,2550.0,1173000
أرض,سكني,الرياض,ضاحية نمار,شمالية,460,2550.0,1173000
أرض,سكني,الرياض,العارض,شمالية غربية,840,2550.0,2142000
أرض,سكني,الرياض,العوالي,شرقية,778,2550.0,1983900
أرض,سكني,الرياض,الرياض,شمالية شرقية,540,5000.0,2700000
أرض,سكني,الرياض,نمار,غربية,314,5000.0,1570000
أرض,سكني,الرياض,ظهرة لبن,غربية,314,5000.0,1570000
أرض,سكني,الرياض,ظهرة لبن,جنوبية,1200,3000.0,3600000
أرض,سكني,حريملاء,الرياض,شمالية,780,1335.0,1041300
أرض,سكني,الرياض,عريض,شمالية,780,1335.0,1041300
أرض,سكني,الرياض,القيروان,غير معروف,2100,1335.0,2803500
أرض,سكني,الرياض,ظهرة لبن,غربية,900,3200.0,2880000
أرض,سكني,الرياض,القيروان,غير معروف,2100,3200.0,6720000
أرض,سكني,الرياض,الرياض,غير معروف,2100,3200.0,6720000
أرض,سكني,الرياض,ظهرة لبن,غربية,900,3300.0,2970000
أرض,سكني,الرياض,حطين,شمالية غربية,1000,3300.0,3300000
أرض,سكني,الرياض,حطين,شمالية,910,6500.0,5915000
أرض,تجاري,الرياض,ظهرة لبن,شمالية,930,2500.0,2325000
أرض,تجاري,الرياض,ظهرة لبن,شمالية,930,2500.0,2325000
أرض,تجاري,الرياض,ظهرة لبن,غربية,900,2222.0,1999800
أرض,تجاري,الرياض,النرجس,شمالية,916,3820.0,3499120
أرض,تجاري,الرياض,القادسية,شرقية,543,2300.0,1248900
أرض,تجاري,حريملاء,الرياض,شمالية غربية,736,2300.0,1692800
أرض,تجاري,الرياض,الملك فيصل,شمالية شرقية,900,4500.0,4050000
أرض,تجاري وسكني,الرياض,الملك فيصل,شمالية شرقية,900,4500.0,4050000
أرض,تجاري وسكني,الرياض,الروضة,غربية,660,4500.0,2970000
أرض,تجاري وسكني,الرياض,الرياض,شمالية شرقية,900,1300.0,1170000
أرض,تجاري وسكني,حريملاء,الرياض,غربية,750,1400.0,1050000
أرض,سكني,حريملاء,الرياض,جنوبية,780,1283.0,1000740
أرض,سكني,حريملاء,الرياض,شرقية,430,3300.0,1419000
أرض,سكني,حريملاء,الرياض,جنوبية,780,1415.0,1103700
أرض,سكني,حريملاء,الرياض,شمالية,780,1283.0,1000740
أرض,سكني,الرياض,عريض,غير معروف,2500,3500.0,8750000
أرض,سكني,الرياض,عريض,جنوبية,2500,1280.0,3200000
أرض,سكني,الرياض,الرياض,شمالية غربية,750,4000.0,3000000
أرض,سكني,الرياض,الرياض,شمالية شرقية,750,4000.0,3000000
أرض,سكني,الرياض,المغرزات,شرقية,713,4000.0,2852000
أرض,سكني,الرياض,الربوة,جنوبية غربية,350,4600.0,1610000
أرض,سكني,الرياض,اليرموك,جنوبية,1089,3400.0,3702600
أرض,سكني,الرياض,ظهرة لبن,شرقية,452,2500.0,1130000
أرض,سكني,الرياض,الرياض,شمالية,750,3333.0,2499750
أرض,سكني,الرياض,ظهرة لبن,شمالية,1200,1400.0,1680000
أرض,سكني,الرياض,ظهرة لبن,شمالية,1200,1400.0,1680000
أرض,سكني,الرياض,ضاحية نمار,شمالية,887,1200.0,1064400
أرض,سكني,الرياض,ظهرة لبن,جنوبية غربية,1400,1604.0,2245600
أرض,سكني,الرياض,الوزارات,جنوبية غربية,1400,1604.0,2245600
أرض,سكني,الرياض,طريق النفود,شمالية غربية,1050,2095.0,2199750
أرض,سكني,الرياض,ضاحية نمار,شرقية,864,1274.0,1100736
أرض,سكني,الرياض,ضاحية نمار,شرقية,864,1274.0,1100736
أرض,سكني,الدرعية,العيينة,شمالية,500,2500.0,1250000
أرض,سكني,الرياض,النرجس,شمالية,900,2500.0,2250000
أرض,سكني,الرياض,الرياض,غربية,900,1900.0,1710000
أرض,سكني,الرياض,المهدية,شرقية,450,3444.0,1549800
أرض,سكني,الرياض,النرجس,شمالية,363,4800.0,1742400
أرض,سكني,الرياض,القيروان,غربية,559,5800.0,3242200
أرض,سكني,الرياض,القيروان,جنوبية شرقية,1373,5800.0,7963400
أرض,سكني,الرياض,المشرق,شرقية,1021,1000.0,1021000
أرض,سكني,الرياض,المشرق,جنوبية,450,5000.0,2250000
أرض,سكني,الدرعية,العيينة,جنوبية,780,3250.0,2535000
أرض,سكني,الدرعية,العيينة,جنوبية,825,3250.0,2681250
أرض,سكني,الرياض,المهدية,غير معروف,450,3111.0,1399950
أرض,سكني,الرياض,الرياض,جنوبية شرقية,1080,6100.0,6588000
أرض,سكني,الرياض,الرياض,غربية,390,3300.0,1287000
أرض,سكني,الرياض,الخير,شمالية غربية,960,2185.0,2097600
أرض,سكني,حريملاء,الرياض,شرقية,750,2150.0,1612500
أرض,سكني,حريملاء,الرياض,غربية,750,2000.0,1500000
أرض,سكني,الرياض,النرجس,غربية,412,4900.0,2018800
أرض,سكني,حريملاء,الرياض,شرقية,418,4900.0,2048200
أرض,سكني,الرياض,حطين,غير معروف,1988,10500.0,20874000
أرض,سكني,الرياض,الرياض,جنوبية,225,10500.0,2362500
أرض,سكني,الرياض,الرياض,شرقية,900,1250.0,1125000
أرض,سكني,الرياض,المهدية,شرقية,450,2555.0,1149750
أرض,سكني,الرياض,ظهرة لبن,شمالية,1200,1667.0,2000400
أرض,سكني,الرياض,حطين,غير معروف,2000,8500.0,17000000
أرض,سكني,الرياض,الرمال,غير معروف,2246,4000.0,8984000
أرض,سكني,الرياض,منفوحة,جنوبية,8058,1200.0,9669600
أرض,سكني,الرياض,ظهرة لبن,جنوبية,900,1222.0,1099800
أرض,سكني,الرياض,الملقا,جنوبية,1292,6695.0,8649940
أرض,سكني,الرياض,السلام,شمالية,350,3700.0,1295000
أرض,سكني,الدرعية,العيينة,شمالية,937,2350.0,2201950
أرض,سكني,الرياض,الندى,شرقية,499,6300.0,3143700
أرض,سكني,الرياض,النرجس,غربية,810,4200.0,3402000
أرض,تجاري,الرياض,ظهرة لبن,شمالية غربية,900,2050.0,1845000
أرض,تجاري,الرياض,الشفا,غربية,675,1500.0,1012500
أرض,تجاري,الرياض,المهدية,غربية,675,1500.0,1012500
أرض,تجاري,الرياض,المهدية,شمالية,299,3350.0,1001650
أرض,تجاري,الرياض,بنبان,شرقية,800,1625.0,1300000
أرض,تجاري وسكني,حريملاء,الرياض,شمالية,3000,1700.0,5100000
أرض,تجاري وسكني,الرياض,العارض,شمالية,630,4500.0,2835000
أرض,تجاري وسكني,الرياض,الخير,شرقية,938,2000.0,1876000
أرض,تجاري وسكني,الرياض,النرجس,شمالية,450,5400.0,2430000
أرض,تجاري وسكني,الرياض,ظهرة لبن,جنوبية,900,1222.0,1099800
أرض,تجاري وسكني,الرياض,النرجس,شرقية,360,4500.0,1620000
أرض,تجاري وسكني,الرياض,ظهرة لبن,جنوبية غربية,1200,1400.0,1680000
أرض,سكني,الدرعية,العيينة,شمالية,750,2600.0,1950000
أرض,سكني,الرياض,بنبان,شمالية,800,2712.0,2169600
أرض,سكني,الرياض,الروضة,جنوبية,900,5778.0,5200200
أرض,سكني,الرياض,المهدية,شمالية,450,2225.0,1001250
أرض,سكني,الدرعية,العيينة,شمالية شرقية,500,2225.0,1112500
أرض,سكني,الرياض,الحزم,غربية,525,2225.0,1168125
أرض,سكني,الرياض,الحائر,غربية,5769,2225.0,12836025
أرض,سكني,الدرعية,العيينة,شمالية,750,3200.0,2400000
أرض,سكني,الرياض,المهدية,شمالية,536,2600.0,1393600
أرض,سكني,الرياض,المروة,شمالية شرقية,1000,2600.0,2600000
أرض,سكني,الرياض,النرجس,شمالية,1110,1306.0,1449660
أرض,سكني,الرياض,قرطبة,شرقية,1250,6500.0,8125000
أرض,سكني,الرياض,النرجس,شمالية,370,4500.0,1665000
أرض,سكني,الرياض,النرجس,شمالية,370,4500.0,1665000
أرض,سكني,الرياض,المهدية,شمالية,300,3335.0,1000500
أرض,سكني,حريملاء,ملهم,جنوبية,375,3335.0,1250625
أرض,سكني,الرياض,العارض,جنوبية,916,3335.0,3054860
أرض,سكني,الرياض,العارض,جنوبية,300,3335.0,1000500
أرض,سكني,الرياض,ضاحية نمار,شمالية,360,5900.0,2124000
أرض,سكني,الرياض,العارض,شمالية,336,4500.0,1512000
أرض,سكني,الرياض,العارض,جنوبية,336,4500.0,1512000
أرض,سكني,الرياض,النظيم,جنوبية,833,1570.0,1307810
أرض,سكني,الرياض,ظهرة لبن,شرقية,360,2800.0,1008000
أرض,سكني,الرياض,طيبة,شرقية,8664,1100.0,9530400
أرض,سكني,الرياض,ظهرة لبن,شرقية,8664,1100.0,9530400
أرض,سكني,الرياض,الروضة,شمالية غربية,750,4200.0,3150000
أرض,سكني,الرياض,المهدية,شمالية,456,2446.0,1115376
أرض,سكني,الدرعية,العيينة,شمالية شرقية,500,2446.0,1223000
أرض,سكني,الرياض,الخليج,شمالية شرقية,648,2446.0,1585008
أرض,سكني,الرياض,العارض,شمالية,300,4100.0,1230000
أرض,سكني,الرياض,الخليج,شمالية شرقية,648,4100.0,2656800
أرض,سكني,حريملاء,الرياض,جنوبية شرقية,828,4100.0,3394800
أرض,سكني,الرياض,ظهرة لبن,جنوبية,606,1700.0,1030200
أرض,سكني,الرياض,العوالي,جنوبية,660,1700.0,1122000
أرض,سكني,الرياض,النرجس,جنوبية,360,5000.0,1800000
أرض,سكني,حريملاء,الرياض,جنوبية,360,5000.0,1800000
أرض,سكني,الرياض,النرجس,غير معروف,4510,6500.0,29315000
أرض,سكني,الرياض,النرجس,شمالية,2800,6500.0,18200000
أرض,سكني,الرياض,الخير,شرقية,800,2750.0,2200000
أرض,سكني,الرياض,الخير,جنوبية,800,1812.0,1449600
أرض,سكني,الرياض,الخليج,شمالية شرقية,648,3500.0,2268000
أرض,سكني,الرياض,المهدية,شمالية,405,3500.0,1417500
أرض,سكني,حريملاء,الرياض,شرقية,750,1500.0,1125000
أرض,سكني,حريملاء,الرياض,شمالية,1627,1500.0,2440500
أرض,سكني,الرياض,الرياض,شمالية,1627,1500.0,2440500
أرض,سكني,الرياض,الرياض,شمالية,752,1500.0,1128000
أرض,سكني,الرياض,الرياض,شمالية,1627,1500.0,2440500
أرض,سكني,الرياض,الخير,شرقية,750,1450.0,1087500
أرض,سكني,الرياض,اشبيلية,جنوبية شرقية,4733,4500.0,21298500
أرض,سكني,الرياض,المهدية,شمالية,456,4500.0,2052000
أرض,سكني,الرياض,الفلاح,غربية,800,6500.0,5200000
أرض,سكني,الرياض,المحمدية,جنوبية,360,7900.0,2844000
أرض,تجاري وسكني,الرياض,العزيزية,غربية,720,2153.0,1550160
أرض,تجاري وسكني,الرياض,الدفاع,جنوبية شرقية,1225,2000.0,2450000
أرض,تجاري وسكني,الرياض,بدر,جنوبية غربية,874,2000.0,1748000
أرض,تجاري وسكني,الرياض,بدر,جنوبية غربية,874,2000.0,1748000
أرض,تجاري وسكني,الرياض,النسيم الشرقي,شرقية,440,2954.0,1299760
أرض,تجاري وسكني,الرياض,الرياض,شرقية,440,2954.0,1299760
أرض,تجاري وسكني,الرياض,اليرموك,جنوبية,1089,1200.0,1306800
أرض,تجاري وسكني,حريملاء,الرياض,شمالية شرقية,425,7500.0,3187500
أرض,تجاري وسكني,الرياض,الزهراء,شمالية,400,7500.0,3000000
أرض,تجاري وسكني,الرياض,المهدية,جنوبية,450,2990.0,1345500
أرض,تجاري وسكني,الرياض,الملقا,جنوبية غربية,570,7500.0,4275000
أرض,تجاري وسكني,حريملاء,الرياض,غربية,375,7500.0,2812500
أرض,تجاري وسكني,حريملاء,الرياض,شمالية غربية,368,7500.0,2760000
أرض,تجاري وسكني,الرياض,النرجس,شرقية,318,4875.0,1550250
أرض,تجاري وسكني,الرياض,عكاظ,شمالية,794,4875.0,3870750
أرض,تجاري وسكني,الرياض,ظهرة لبن,غربية,450,4875.0,2193750
أرض,تجاري وسكني,الرياض,المصيف,غربية,675,4300.0,2902500
أرض,تجاري وسكني,حريملاء,الرياض,غربية,750,4300.0,3225000
أرض,تجاري وسكني,الرياض,الرياض,جنوبية,864,4300.0,3715200
أرض,تجاري وسكني,الرياض,المصفاة,جنوبية شرقية,420,4300.0,1806000
أرض,تجاري وسكني,الرياض,عريض,شمالية,2205,1150.0,2535750
أرض,تجاري وسكني,الرياض,النظيم,شمالية,833,1441.0,1200353
أرض,سكني,الرياض,المهدية,غير معروف,450,3130.0,1408500
أرض,سكني,الرياض,المهدية,جنوبية,2000,525.0,1050000
أرض,سكني,حريملاء,الرياض,شمالية,459,2500.0,1147500
أرض,سكني,حريملاء,الرياض,شمالية,770,8000.0,6160000
أرض,تجاري وسكني,الرياض,القيروان,غير معروف,880,7000.0,6160000
أرض,سكني,الرياض,الوادي,جنوبية غربية,270,6000.0,1620000
أرض,سكني,حريملاء,الرياض,جنوبية,398,6000.0,2388000
أرض,سكني,الرياض,عريض,شمالية غربية,432,6000.0,2592000
أرض,سكني,حريملاء,الرياض,جنوبية شرقية,833,1500.0,1249500
أرض,تجاري وسكني,الرياض,بدر,جنوبية,960,1700.0,1632000
أرض,تجاري وسكني,الرياض,المهدية,غير معروف,450,3000.0,1350000
أرض,تجاري وسكني,الرياض,المهدية,غير معروف,450,3000.0,1350000
أرض,تجاري وسكني,الرياض,عرقة,شمالية شرقية,750,3000.0,2250000
أرض,تجاري وسكني,الرياض,البرية,شمالية,630,3000.0,1890000
أرض,تجاري وسكني,الرياض,حطين,شمالية,450,6500.0,2925000
أرض,تجاري وسكني,الرياض,اليرموك,جنوبية شرقية,1170,5000.0,5850000
أرض,تجاري وسكني,الرياض,المهدية,جنوبية غربية,400,3000.0,1200000
أرض,تجاري وسكني,الرياض,الرياض,شرقية,2000,535.0,1070000
أرض,تجاري وسكني,حريملاء,الرياض,شمالية غربية,773,1829.0,1413817
أرض,تجاري وسكني,حريملاء,الرياض,غربية,864,1829.0,1580256
أرض,تجاري وسكني,الرياض,النرجس,جنوبية,1050,1829.0,1920450
أرض,تجاري وسكني,الرياض,النرجس,جنوبية,480,4800.0,2304000
أرض,تجاري وسكني,الرياض,الرياض,غربية,500,4800.0,2400000
أرض,تجاري وسكني,الرياض,ظهرة لبن,جنوبية شرقية,915,2732.0,2499780
أرض,تجاري وسكني,حريملاء,الرياض,شمالية,840,1800.0,1512000
أرض,سكني,الرياض,النرجس,شمالية,800,5000.0,4000000
أرض,سكني,الرياض,الرياض,شمالية,800,5000.0,4000000
أرض,سكني,الرياض,المهدية,شمالية,450,2444.0,1099800
أرض,سكني,الرياض,المهدية,غربية,399,5850.0,2334150
أرض,سكني,الرياض,الرمال,جنوبية,782,1600.0,1251200
أرض,سكني,الرياض,اليرموك,جنوبية,1089,3400.0,3702600
أرض,سكني,الرياض,الجنادرية,جنوبية,3260,3000.0,9780000
أرض,سكني,الرياض,النرجس,جنوبية,875,6175.0,5403125
أرض,سكني,الرياض,النرجس,جنوبية شرقية,333,6500.0,2164500
أرض,سكني,الرياض,اليرموك,جنوبية,1089,3400.0,3702600
أرض,سكني,الرياض,اليرموك,شرقية,1116,1880.0,2098080
أرض,سكني,الرياض,اليرموك,شمالية,600,2416.0,1449600
أرض,سكني,الرياض,اليرموك,شرقية,375,4500.0,1687500
أرض,سكني,الرياض,ضاحية نمار,شمالية,300,4500.0,1350000
أرض,سكني,الرياض,المهدية,جنوبية,403,4500.0,1813500
أرض,سكني,الرياض,المهدية,شمالية,900,4000.0,3600000
أرض,سكني,الرياض,الرياض,شمالية,450,4000.0,1800000
أرض,سكني,الرياض,العليا,غربية,250,5000.0,1250000
أرض,سكني,الرياض,العليا,غربية,250,5000.0,1250000
أرض,سكني,الرياض,العليا,جنوبية,900,5000.0,4500000
أرض,سكني,الرياض,غرناطة,شرقية,700,5000.0,3500000
أرض,سكني,الرياض,النخيل,جنوبية,900,13333.0,11999700
أرض,سكني,الرياض,القيروان,جنوبية,599,6011.0,3600589
أرض,سكني,حريملاء,الرياض,جنوبية شرقية,978,1800.0,1760400
أرض,سكني,الرياض,اليرموك,شرقية,750,3450.0,2587500
أرض,سكني,الرياض,الرياض,شمالية غربية,450,3450.0,1552500
أرض,سكني,حريملاء,الرياض,جنوبية,765,3450.0,2639250
أرض,سكني,حريملاء,الرياض,جنوبية شرقية,490,4950.0,2425500
أرض,سكني,حريملاء,الرياض,جنوبية,805,1250.0,1006250
أرض,سكني,حريملاء,الرياض,شرقية,810,1400.0,1134000
أرض,سكني,حريملاء,الرياض,جنوبية شرقية,759,1450.0,1100550
أرض,سكني,حريملاء,الرياض,شمالية غربية,2338,1450.0,3390100
أرض,سكني,الرياض,السعادة,جنوبية غربية,719,2000.0,1438000
أرض,سكني,الرياض,السعادة,جنوبية شرقية,670,4800.0,3216000
أرض,سكني,الرياض,الرياض,شرقية,2520,1800.0,4536000
أرض,سكني,الرياض,حطين,غربية,525,11000.0,5775000
أرض,سكني,الرياض,غير معروف,شمالية,1440,2450.0,3528000
أرض,سكني,الرياض,الرمال,جنوبية,924,3750.0,3465000
أرض,سكني,حريملاء,الخير,شرقية,4697,2880.0,13527360
أرض,سكني,ضرما,المغرفية,شمالية,10500,2880.0,30240000
أرض,سكني,الرياض,حطين,شمالية شرقية,1050,8572.0,9000600
أرض,سكني,الرياض,الرياض,شمالية شرقية,1050,8572.0,9000600
أرض,سكني,الرياض,الروضة,غربية,751,4000.0,3004000
أرض,سكني,الرياض,الخير,شرقية,375,4000.0,1500000
أرض,سكني,حريملاء,الرياض,جنوبية,360,4000.0,1440000
أرض,سكني,الرياض,العوالي,شمالية,500,4000.0,2000000
أرض,سكني,الرياض,الرياض,شمالية,500,4000.0,2000000
أرض,سكني,الرياض,حطين,شمالية,615,7317.0,4499955
أرض,سكني,الرياض,الريان,جنوبية شرقية,780,6000.0,4680000
أرض,سكني,حريملاء,الرياض,شرقية,810,1400.0,1134000
أرض,سكني,الرياض,الخير,شرقية,750,1500.0,1125000
أرض,سكني,الرياض,المروة,غربية,1210,1500.0,1815000
أرض,سكني,حريملاء,الرياض,شرقية,750,1550.0,1162500
أرض,سكني,الرياض,بدر,شمالية,15730,1400.0,22022000
أرض,سكني,الرياض,بدر,شرقية,809,1400.0,1132600
أرض,سكني,الرياض,الضباط,شمالية,450,3000.0,1350000
أرض,سكني,الرياض,الضباط,جنوبية شرقية,3500,7000.0,24500000
أرض,سكني,الرياض,السلام,غربية,375,4000.0,1500000
أرض,سكني,الرياض,الرياض,شرقية,294,4000.0,1176000
أرض,سكني,الرياض,عريض,شمالية غربية,625,4000.0,2500000
أرض,سكني,الرياض,النرجس,شمالية غربية,900,4000.0,3600000
أرض,سكني,الرياض,النرجس,شمالية,435,5150.0,2240250
أرض,سكني,الرياض,طويق,شمالية,900,5150.0,4635000
أرض,سكني,حريملاء,الرياض,غربية,750,1400.0,1050000
أرض,سكني,الرياض,الروضة,جنوبية,627,4200.0,2633400
أرض,سكني,الرياض,المرسلات,شمالية غربية,625,5500.0,3437500
أرض,سكني,الرياض,الرحمانية,شمالية غربية,580,6000.0,3480000
أرض,سكني,الرياض,المهدية,شمالية,400,3000.0,1200000
أرض,سكني,الرياض,الرياض,غير معروف,500,2600.0,1300000
أرض,تجاري وسكني,الرياض,المهدية,جنوبية,400,3125.0,1250000
أرض,تجاري وسكني,الرياض,الدار البيضاء,شرقية,800,1300.0,1040000
أرض,تجاري وسكني,حريملاء,الرياض,شمالية,799,1500.0,1198500
أرض,تجاري وسكني,حريملاء,الرياض,غربية,308,5200.0,1601600
أرض,تجاري وسكني,حريملاء,الرياض,غربية,437,5200.0,2272400
أرض,تجاري وسكني,الرياض,عكاظ,غربية,437,5200.0,2272400
أرض,تجاري وسكني,الرياض,عكاظ,شمالية غربية,2400,5200.0,12480000
أرض,تجاري وسكني,الرياض,النرجس,شمالية,351,4800.0,1684800
أرض,تجاري وسكني,الرياض,نمار,جنوبية غربية,1200,6500.0,7800000
أرض,تجاري وسكني,الرياض,الرمال,جنوبية غربية,1200,6500.0,7800000
أرض,تجاري وسكني,حريملاء,الرياض,جنوبية,375,6500.0,2437500
أرض,سكني,الرياض,المهدية,شرقية,450,2555.0,1149750
أرض,سكني,الرياض,المهدية,شرقية,450,2555.0,1149750
أرض,سكني,الرياض,طويق,شرقية,870,2555.0,2222850
أرض,سكني,الرياض,الرياض,جنوبية,989,2555.0,2526895
أرض,سكني,الرياض,النرجس,شمالية,450,2555.0,1149750
أرض,سكني,الرياض,ظهرة لبن,غير معروف,900,3000.0,2700000
أرض,سكني,الرياض,ظهرة لبن,جنوبية,2100,523.0,1098300
أرض,سكني,حريملاء,الرياض,شرقية,450,2666.0,1199700
أرض,سكني,الرياض,المهدية,جنوبية,900,1476.0,1328400
أرض,سكني,الرياض,الرمال,جنوبية شرقية,1450,1146.0,1661700
أرض,سكني,الدرعية,العيينة,شمالية,3903,2500.0,9757500
أرض,سكني,حريملاء,الرياض,غربية,840,1785.0,1499400
أرض,سكني,الرياض,عرقة,غير معروف,1250,1785.0,2231250
أرض,سكني,الرياض,عرقة,شمالية شرقية,980,2100.0,2058000
أرض,سكني,الرياض,الرياض,شمالية,200,5800.0,1160000
أرض,سكني,الرياض,النرجس,شمالية غربية,900,4500.0,4050000
أرض,سكني,حريملاء,الرياض,جنوبية,375,4500.0,1687500
أرض,سكني,حريملاء,الرياض,شمالية,2980,3000.0,8940000
أرض,سكني,الرياض,العارض,جنوبية,420,4100.0,1722000
أرض,سكني,الرياض,الملقا,شمالية,590,7200.0,4248000
أرض,سكني,الرياض,المهدية,جنوبية,384,7200.0,2764800
أرض,سكني,الرياض,بدر,جنوبية,1062,2050.0,2177100
أرض,سكني,الرياض,المهدية,جنوبية غربية,625,3500.0,2187500
أرض,سكني,الرياض,شارع سعيد بن عبدالله باقشير,جنوبية غربية,625,4000.0,2500000
أرض,سكني,الرياض,الرياض,شرقية,2000,600.0,1200000
أرض,سكني,الرياض,المهدية,جنوبية,625,4500.0,2812500
أرض,سكني,الرياض,النرجس,شرقية,450,5800.0,2610000
أرض,سكني,حريملاء,الرياض,غير معروف,2400,1650.0,3960000
أرض,سكني,الرياض,الرياض,غير معروف,15797,1600.0,25275200
أرض,سكني,الرياض,ظهرة لبن,جنوبية,400,3750.0,1500000
أرض,سكني,الرياض,ظهرة لبن,غربية,750,3750.0,2812500
أرض,سكني,الرياض,العوالي,جنوبية,750,1867.0,1400250
أرض,سكني,الرياض,العارض,جنوبية,390,4500.0,1755000
أرض,سكني,الرياض,العارض,جنوبية,996,2500.0,2490000
أرض,سكني,حريملاء,الرياض,غربية,375,9000.0,3375000
أرض,سكني,حريملاء,ملهم,جنوبية غربية,625,9000.0,5625000
أرض,سكني,الرياض,المصيف,شرقية,329,4600.0,1513400
أرض,سكني,الرياض,الياسمين,شرقية,496,5500.0,2728000
أرض,سكني,الرياض,طويق,شرقية,496,5500.0,2728000
أرض,سكني,الرياض,النهضة,شمالية,875,3200.0,2800000
أرض,سكني,الرياض,النرجس,شمالية,225,5000.0,1125000
أرض,سكني,الرياض,العارض,شمالية,300,3666.0,1099800
أرض,سكني,الرياض,العليا,شمالية غربية,728,4500.0,3276000
أرض,سكني,الرياض,الضباط,جنوبية,570,2700.0,1539000
أرض,سكني,الرياض,المهدية,غربية,450,2900.0,1305000
أرض,سكني,الرياض,ضاحية نمار,شمالية,889,1237.0,1099693
أرض,سكني,الرياض,الازدهار,جنوبية,1493,13395.0,19998735
أرض,سكني,الرياض,الرياض,جنوبية,225,13395.0,3013875
أرض,سكني,الرياض,الرياض,جنوبية شرقية,225,13395.0,3013875
أرض,سكني,الرياض,اشبيلية,غربية,900,5555.0,4999500
أرض,سكني,الرياض,اشبيلية,غربية,900,5555.0,4999500
أرض,سكني,الرياض,اليرموك,غربية,900,5555.0,4999500
أرض,سكني,الرياض,اليرموك,غربية,900,5555.0,4999500
أرض,تجاري وسكني,الرياض,اليرموك,غربية,900,5555.0,4999500
أرض,سكني,الرياض,العارض,غربية,450,4800.0,2160000
أرض,سكني,الرياض,النرجس,شمالية,300,5550.0,1665000
أرض,تجاري وسكني,الرياض,ظهرة لبن,شرقية,930,1750.0,1627500
أرض,تجاري,الرياض,العارض,غربية,425,6500.0,2762500
أرض,سكني,الرياض,العارض,غربية,425,4900.0,2082500
أرض,سكني,الرياض,العارض,شرقية,900,4000.0,3600000
أرض,سكني,حريملاء,الرياض,شمالية شرقية,667,4000.0,2668000
أرض,سكني,الرياض,العارض,جنوبية,686,5000.0,3430000
أرض,سكني,الرياض,الغدير,جنوبية غربية,1517,6700.0,10163900
أرض,سكني,الرياض,نمار,شرقية,375,6700.0,2512500
أرض,سكني,الرياض,النرجس,شرقية,450,5800.0,2610000
أرض,سكني,الرياض,الرحمانية,جنوبية شرقية,875,6700.0,5862500
أرض,تجاري,الرياض,القادسية,شرقية,2512,2900.0,7284800
أرض,تجاري,الرياض,الرمال,جنوبية غربية,4060,3000.0,12180000
أرض,تجاري,الرياض,المهدية,غربية,450,2700.0,1215000
أرض,سكني,حريملاء,الرياض,جنوبية,750,2666.0,1999500
أرض,سكني,الرياض,النهضة,جنوبية,750,3200.0,2400000
أرض,سكني,الرياض,المنصورة,جنوبية شرقية,1200,1450.0,1740000
أرض,سكني,الرياض,الخليج,شمالية غربية,750,3600.0,2700000
أرض,سكني,الرياض,الخير,شمالية,975,1133.0,1104675
أرض,سكني,الرياض,الخليج,غربية,750,3500.0,2625000
أرض,سكني,الرياض,الخليج,شمالية غربية,750,3600.0,2700000
أرض,سكني,الرياض,الخير,غربية,744,1430.0,1063920
أرض,سكني,حريملاء,الرياض,شمالية غربية,1627,1450.0,2359150
أرض,سكني,الرياض,عريض,شمالية,900,1450.0,1305000
أرض,سكني,الرياض,الزاهر,غربية,2000,1413.0,2826000
أرض,سكني,الرياض,العارض,شمالية,458,3900.0,1786200
أرض,سكني,الرياض,الرياض,جنوبية غربية,15233,350.0,5331550
أرض,سكني,الرياض,الحزم,جنوبية غربية,15233,350.0,5331550
أرض,سكني,الرياض,ضاحية نمار,جنوبية غربية,15233,350.0,5331550
أرض,تجاري وسكني,الرياض,المهدية,شمالية,400,2800.0,1120000
أرض,سكني,الرياض,المهدية,شمالية,2570,850.0,2184500
أرض,سكني,الرياض,المحمدية,جنوبية,405,9000.0,3645000
أرض,سكني,الرياض,الربيع,غربية,375,6700.0,2512500
أرض,سكني,الدرعية,العيينة,شمالية,630,2500.0,1575000
أرض,تجاري وسكني,الرياض,العوالي,جنوبية,900,2700.0,2430000
أرض,تجاري,الرياض,النرجس,شمالية غربية,732,8100.0,5929200
أرض,سكني,الرياض,الهدا,جنوبية شرقية,3890,5000.0,19450000
أرض,سكني,الرياض,شارع العين,جنوبية غربية,900,3333.0,2999700
أرض,تجاري وسكني,الرياض,ظهرة لبن,غربية,900,4000.0,3600000
أرض,سكني,الرياض,عريض,شمالية غربية,900,1450.0,1305000
أرض,سكني,الرياض,النظيم,جنوبية شرقية,750,2000.0,1500000
أرض,سكني,الرياض,النظيم,شرقية,750,1450.0,1087500
أرض,تجاري وسكني,الرياض,المناخ,شمالية شرقية,2927,1500.0,4390500
أرض,سكني,الرياض,الرياض,جنوبية,624,6000.0,3744000
أرض,سكني,الرياض,ضاحية نمار,جنوبية,624,6000.0,3744000
أرض,سكني,الرياض,مطار الملك خالد الدولي,شمالية غربية,411,4000.0,1644000
أرض,سكني,الرياض,المهدية,غربية,537,2500.0,1342500
أرض,سكني,الرياض,الرمال,جنوبية,390,3100.0,1209000
أرض,سكني,الدرعية,العيينة,شرقية,390,2600.0,1014000
أرض,سكني,الرياض,ظهرة لبن,شمالية,400,2750.0,1100000
أرض,سكني,الرياض,ضاحية نمار,شرقية,1062,1000.0,1062000
أرض,سكني,الرياض,الرمال,شمالية,7500,1400.0,10500000
أرض,تجاري,الرياض,الخليج,شرقية,1500,3200.0,4800000
أرض,تجاري,الرياض,النرجس,شمالية,360,4700.0,1692000
أرض,سكني,حريملاء,الرياض,غربية,921,3000.0,2763000
أرض,سكني,الرياض,النرجس,غربية,921,3000.0,2763000
أرض,سكني,الرياض,بدر,غربية,300,5000.0,1500000
أرض,سكني,الرياض,اليرموك,غربية,300,3700.0,1110000
أرض,تجاري,الرياض,المنار,غربية,2530,3800.0,9614000
أرض,تجاري,الرياض,النرجس,غربية,1076,12082.0,13000232
أرض,تجاري,الرياض,طويق,شمالية,870,2000.0,1740000
أرض,سكني,الرياض,الربوة,شرقية,434,4000.0,1736000
أرض,سكني,الرياض,الرياض,جنوبية شرقية,2000,550.0,1100000
أرض,تجاري,الرياض,القادسية,غربية,2400,1700.0,4080000
أرض,تجاري,الرياض,القادسية,شمالية,1246,2000.0,2492000
أرض,سكني,الرياض,الملقا,شمالية شرقية,940,8300.0,7802000
أرض,سكني,الرياض,الربوة,جنوبية شرقية,2500,5000.0,12500000
أرض,سكني,الرياض,المعيزلة,جنوبية شرقية,2500,5000.0,12500000
أرض,سكني,الرياض,المصفاة,شرقية,1600,1000.0,1600000
أرض,سكني,الرياض,الرمال,شرقية,1647,2900.0,4776300
أرض,سكني,الرياض,الرمال,جنوبية,3002,2800.0,8405600
أرض,سكني,الرياض,الحمراء,جنوبية شرقية,2080,8000.0,16640000
أرض,سكني,الرياض,المونسية,جنوبية شرقية,2080,8000.0,16640000
أرض,سكني,الرياض,العقيق,غربية,625,8000.0,5000000
أرض,سكني,الرياض,الرياض,شمالية,2000,700.0,1400000
أرض,تجاري وسكني,الرياض,النرجس,غير معروف,3900,6154.0,24000600
أرض,تجاري,الرياض,المهدية,شمالية,800,2625.0,2100000
أرض,تجاري,الرياض,القادسية,جنوبية,2400,5625.0,13500000
أرض,سكني,الرياض,المعيزلة,جنوبية شرقية,704,2500.0,1760000
أرض,سكني,الرياض,الملك فهد,غير معروف,900,4666.0,4199400
أرض,تجاري وسكني,الرياض,المهدية,شمالية,800,2625.0,2100000
أرض,سكني,الرياض,النرجس,شرقية,375,6500.0,2437500
أرض,سكني,الرياض,النرجس,شمالية شرقية,450,6100.0,2745000
أرض,سكني,حريملاء,الرياض,جنوبية غربية,960,1145.0,1099200
أرض,تجاري وسكني,الرياض,الضباط,غير معروف,3000,5200.0,15600000
أرض,سكني,الرياض,المهدية,شمالية,300,3334.0,1000200
أرض,سكني,الرياض,المهدية,جنوبية,1258,2500.0,3145000
أرض,سكني,الرياض,العوالي,شرقية,900,2400.0,2160000
أرض,سكني,الرياض,العوالي,غربية,904,2400.0,2169600
أرض,سكني,الرياض,الاندلس,جنوبية,501,3500.0,1753500
أرض,سكني,الرياض,النرجس,جنوبية,550,5500.0,3025000
أرض,سكني,الرياض,اشبيلية,شمالية,1050,3400.0,3570000
أرض,سكني,الرياض,المونسية,جنوبية غربية,484,4150.0,2008600
أرض,سكني,الرياض,طويق,جنوبية شرقية,1050,1750.0,1837500
أرض,تجاري وسكني,الرياض,المهدية,جنوبية,1650,4500.0,7425000
أرض,تجاري وسكني,الرياض,لبن,جنوبية شرقية,400,5000.0,2000000
أرض,تجاري وسكني,الرياض,الرمال,جنوبية شرقية,400,5000.0,2000000
أرض,سكني,الرياض,الرياض,شمالية,375,2700.0,1012500
أرض,تجاري,الرياض,العقيق,غير معروف,1650,17500.0,28875000
أرض,سكني,الرياض,العارض,جنوبية شرقية,458,4900.0,2244200
أرض,سكني,الرياض,الملك فيصل,جنوبية شرقية,900,4400.0,3960000
أرض,تجاري,الرياض,الصحافة,شمالية غربية,810,18500.0,14985000
أرض,سكني,الرياض,العارض,جنوبية,476,5000.0,2380000
أرض,سكني,الرياض,العارض,جنوبية,476,5000.0,2380000
أرض,تجاري وسكني,الرياض,ظهرة لبن,شرقية,900,4000.0,3600000
أرض,تجاري وسكني,الرياض,المونسية,شرقية,750,4300.0,3225000
أرض,تجاري وسكني,الرياض,المونسية,غير معروف,11800,338.0,3988400
أرض,تجاري وسكني,الرياض,العقيق,جنوبية,575,6260.0,3599500
أرض,سكني,الرياض,الرياض,شمالية,2520,950.0,2394000
أرض,سكني,الرياض,الربيع,جنوبية,600,6400.0,3840000
أرض,سكني,الرياض,النرجس,شمالية غربية,900,4800.0,4320000
أرض,سكني,الرياض,الملقا,شمالية,412,6250.0,2575000
أرض,سكني,الرياض,حطين,جنوبية شرقية,1400,6720.0,9408000
أرض,سكني,الرياض,النرجس,شمالية,900,5100.0,4590000
أرض,سكني,الرياض,قرطبة,جنوبية,571,4850.0,2769350
أرض,سكني,الرياض,المروج,شمالية شرقية,1144,6119.0,7000136
أرض,سكني,الرياض,النرجس,شمالية,900,5200.0,4680000
أرض,سكني,الرياض,البيان,غربية,576,1780.0,1025280
أرض,تجاري,الرياض,اشبيلية,غربية,930,10000.0,9300000
أرض,تجاري وسكني,الرياض,ظهرة لبن,جنوبية,750,2600.0,1950000
أرض,سكني,الرياض,الجنادرية,غربية,625,2400.0,1500000
أرض,تجاري,الرياض,قرطبة,جنوبية,2112,6500.0,13728000
أرض,تجاري وسكني,الرياض,السلي,جنوبية,2400,2500.0,6000000
أرض,تجاري وسكني,الرياض,سلطانة,جنوبية,2400,2500.0,6000000
أرض,سكني,الرياض,الرمال,غربية,457,2400.0,1096800
أرض,سكني,الرياض,النرجس,شمالية,360,6500.0,2340000
أرض,تجاري وسكني,الرياض,الروضة,غير معروف,1050,7500.0,7875000
أرض,سكني,الرياض,الرمال,جنوبية,610,2213.0,1349930
أرض,تجاري وسكني,الرياض,ظهرة لبن,شمالية غربية,900,2100.0,1890000
أرض,تجاري وسكني,الرياض,الرمال,شمالية,1250,3500.0,4375000
أرض,تجاري,الرياض,العوالي,شمالية شرقية,900,2222.0,1999800
أرض,سكني,الرياض,الخليج,شرقية,700,3300.0,2310000
أرض,سكني,الرياض,الفاروق,شمالية,640,3000.0,1920000
أرض,سكني,الرياض,المروة,غير معروف,2750,1500.0,4125000
أرض,سكني,الرياض,النرجس,جنوبية,1200,5000.0,6000000
أرض,تجاري وسكني,الرياض,الرياض,شمالية شرقية,752,1595.0,1199440
أرض,سكني,الرياض,الحزم,غربية,720,2200.0,1584000
أرض,تجاري,الرياض,الرياض,جنوبية,3900,6500.0,25350000
أرض,سكني,الرياض,الرياض,جنوبية,3541,2300.0,8144300
أرض,تجاري وسكني,الرياض,عكاظ,غير معروف,7936,1450.0,11507200
أرض,سكني,الرياض,الملقا,شمالية شرقية,1000,10000.0,10000000
أرض,سكني,الرياض,شارع عبدالله بن العاص,شمالية,448,4600.0,2060800
أرض,تجاري,الرياض,النسيم الغربي,غربية,7400,3500.0,25900000
أرض,سكني,الرياض,الندى,شرقية,750,6500.0,4875000
أرض,تجاري,الرياض,العارض,جنوبية غربية,900,5500.0,4950000
أرض,سكني,الرياض,ظهرة لبن,غربية,900,2200.0,1980000
أرض,سكني,الرياض,الرمال,شمالية,402,2700.0,1085400
أرض,سكني,الرياض,الرياض,شرقية,2450,2400.0,5880000
أرض,سكني,الرياض,الرياض,شرقية,2450,2400.0,5880000
أرض,سكني,الرياض,الرياض,غربية,1900,1650.0,3135000
أرض,سكني,الرياض,قرطبة,شمالية,1375,4900.0,6737500
أرض,تجاري وسكني,الرياض,ظهرة لبن,جنوبية,824,2100.0,1730400
أرض,تجاري,الرياض,الرياض,شرقية,6000,1000.0,6000000
أرض,سكني,الرياض,بنبان,جنوبية,750,3500.0,2625000
أرض,تجاري وسكني,الرياض,الروضة,شرقية,600,4000.0,2400000
أرض,تجاري وسكني,الرياض,البيان,غربية,1900,2300.0,4370000
أرض,سكني,الرياض,البيان,غربية,5300,2500.0,13250000
أرض,سكني,الرياض,البديعة,جنوبية شرقية,626,1837.0,1149962
أرض,سكني,الرياض,الخليج,جنوبية,750,3300.0,2475000
أرض,تجاري,الرياض,اشبيلية,جنوبية شرقية,1400,6000.0,8400000
أرض,تجاري وسكني,الرياض,اشبيلية,شمالية غربية,891,6000.0,5346000
أرض,سكني,الرياض,الربوة,غير معروف,2508,3500.0,8778000
أرض,سكني,حريملاء,الخير,شمالية,625,2150.0,1343750
أرض,سكني,الرياض,الهدا,جنوبية,3241,5000.0,16205000
أرض,سكني,الرياض,الرياض,جنوبية,3241,5000.0,16205000
أرض,سكني,الرياض,الروضة,غربية,1000,3500.0,3500000
أرض,سكني,الرياض,العارض,شمالية غربية,496,5200.0,2579200
أرض,سكني,الرياض,الروضة,جنوبية,627,4200.0,2633400
أرض,سكني,الرياض,لبن,شمالية شرقية,1050,4500.0,4725000
أرض,سكني,الرياض,العزيزية,شمالية شرقية,2790,2000.0,5580000
أرض,سكني,الرياض,ظهرة لبن,شمالية,2400,3500.0,8400000
أرض,تجاري,الرياض,المروج,شرقية,1000,8000.0,8000000
أرض,تجاري,الرياض,القادسية,غير معروف,1608,3400.0,5467200
أرض,تجاري وسكني,الرياض,الرمال,غير معروف,8100,2550.0,20655000
أرض,تجاري,الرياض,الرمال,جنوبية غربية,2250,1500.0,3375000
أرض,تجاري,الرياض,اليرموك,غير معروف,2880,4500.0,12960000
أرض,سكني,الرياض,العارض,غير معروف,5450,4600.0,25070000
أرض,سكني,الرياض,العارض,غير معروف,5450,4600.0,25070000
أرض,سكني,الرياض,الشرق,غربية,1561,1300.0,2029300
أرض,سكني,الرياض,غير معروف,شمالية شرقية,644,6987.0,4499628
أرض,سكني,الرياض,المهدية,شمالية,456,3400.0,1550400
أرض,تجاري,الرياض,المهدية,جنوبية,900,7600.0,6840000
أرض,تجاري,الرياض,المهدية,جنوبية,900,7600.0,6840000
أرض,سكني,الرياض,الخير,جنوبية,840,1800.0,1512000
أرض,سكني,الرياض,ضاحية نمار,شمالية,880,1380.0,1214400
أرض,سكني,الرياض,البيان,غربية,810,2600.0,2106000
أرض,تجاري وسكني,الرياض,المهدية,شمالية شرقية,900,3334.0,3000600
أرض,سكني,الرياض,المهدية,جنوبية غربية,675,4296.0,2899800
أرض,تجاري وسكني,رماح,الرياض,شرقية,750,1500.0,1125000
أرض,تجاري وسكني,رماح,الرياض,شمالية,500,4300.0,2150000
أرض,سكني,حريملاء,الرياض,غربية,750,2000.0,1500000
أرض,سكني,الرياض,الملقا,غربية,636,7000.0,4452000
أرض,سكني,الرياض,بنبان,جنوبية شرقية,10000,1000.0,10000000
أرض,سكني,حريملاء,ملهم,جنوبية شرقية,10000,1000.0,10000000
أرض,سكني,الرياض,الحمراء,شمالية,1125,5000.0,5625000
أرض,تجاري وسكني,الرياض,الشفا,جنوبية غربية,971,2059.0,1999289
أرض,تجاري وسكني,الرياض,النظيم,جنوبية شرقية,2500,2000.0,5000000
أرض,تجاري,الرياض,الرياض,جنوبية,2000,3500.0,7000000
أرض,تجاري وسكني,الرياض,ظهرة لبن,جنوبية غربية,1050,2380.0,2499000
